pathway	description	KO1	KO2	KO3	KO4	KO5	KO6	OE1	OE2	OE3	OE4	OE5	OE6	WT1	WT2	WT3	WT4	WT5	WT6
1CMET2-PWY	N10-formyl-tetrahydrofolate biosynthesis	16188.4002	16979.2476	20041.9809	18994.5536	19846.5091	19084.6139	12686.8073	16039.2644	17887.3686	14341.542	15198.3029	15903.5444	18630.0702	20526.3214	18323.752	19013.5881	19420.1006	18291.0149
3-HYDROXYPHENYLACETATE-DEGRADATION-PWY	4-hydroxyphenylacetate degradation	2258.3419	2163.2737	2458.8243	2540.3882	1982.5057	2112.5989	1712.4752	2031.5408	1996.4747	1846.0936	2097.7167	2238.5351	2390.0388	2214.2895	2228.0326	2406.6174	3171.3544	2550.1951
AEROBACTINSYN-PWY	aerobactin biosynthesis	15.9707	0.0	0.0	216.1951	15.9588	6.6614	0.0	0.0	18.6471	14.6465	9.3229	7.9927	14.6484	17.3077	23.9483	0.0	11.9889	19.9615
ALL-CHORISMATE-PWY	superpathway of chorismate metabolism	3575.8084	3980.9452	3133.1325	3561.7014	3178.9646	3396.8076	4868.5039	4924.9036	5183.8827	4216.5783	4602.3	5696.345	4391.8812	4115.1161	4701.0923	4347.7848	4483.8302	4108.7147
ANAEROFRUCAT-PWY	homolactic fermentation	16830.6346	18730.5412	20698.0839	20387.4387	19453.6994	19568.97	14251.5388	17199.4968	19426.2488	14960.6512	16599.9394	17291.1914	21380.4355	22480.3291	20297.8125	21042.577	21568.3549	19907.8725
ANAGLYCOLYSIS-PWY	glycolysis III (from glucose)	17099.0498	18804.8407	20891.3106	20538.2448	19893.0442	19886.1798	14462.4409	18020.6419	20738.6258	15620.7266	16751.7797	17861.73	21572.8077	22908.4088	20644.8701	21483.16	21650.3673	20124.7138
ARG+POLYAMINE-SYN	superpathway of arginine and polyamine biosynthesis	10219.6664	10305.8987	11833.2283	12252.5702	11821.9031	11969.511	7911.7851	9319.9307	11233.0773	8942.4426	9454.8149	10251.1948	11477.4861	12436.7314	10871.3223	12112.063	12384.4738	10657.0153
ARGDEG-PWY	superpathway of L-arginine, putrescine, and 4-aminobutanoate degradation	0.0	0.0	2.7686	0.0	2.3231	1.3942	116.5554	3.7231	0.0	8.4968	5.5539	86.4898	0.0	5.3927	0.0	1.8512	0.0	0.0
ARGORNPROST-PWY	arginine, ornithine and proline interconversion	3033.0727	4490.781	4964.8048	4248.5706	2710.9299	3323.7756	2994.4867	4227.3014	5417.460999999999	3578.0379	3811.8229	3704.0284	4685.0952	4805.0819	4652.6359999999995	5544.9859	4507.1562	4599.001
ARGSYN-PWY	L-arginine biosynthesis I (via L-ornithine)	13064.4369	15692.4376	16330.7805	15943.1177	14328.4302	15348.0785	12042.5126	14698.612	15222.221000000001	11946.7289	13585.5529	14791.5682	16704.3481	17180.4402	16367.2143	16895.8071	17158.1014	15658.0062
ARGSYNBSUB-PWY	L-arginine biosynthesis II (acetyl cycle)	17248.5443	18819.1461	20614.2403	20725.7311	20546.4733	20055.8825	14070.7465	17220.4365	18755.2844	14650.4988	16531.745	17511.0962	21098.8526	22222.9434	20050.1785	20652.7819	21334.0344	19589.3892
ARO-PWY	chorismate biosynthesis I	17102.5342	18338.8353	20739.2445	20151.9015	20374.4696	19712.5654	14177.1394	17636.9556	19249.5632	15120.9344	16665.0171	17629.9772	20735.9623	22264.351000000002	20150.0447	20672.8679	21286.7389	19736.7676
ASPASN-PWY	superpathway of L-aspartate and L-asparagine biosynthesis	3959.3593	3693.3068	4588.2068	3989.4608	3610.7352	3282.1506	4214.3812	4523.7541	5811.5154	4496.2652	3997.6765	5469.5662	5182.0376	5659.4718	4231.8699	5092.7002	6328.6816	3801.9498
AST-PWY	L-arginine degradation II (AST pathway)	1333.7379	835.3293	1111.0357	1884.9219	1699.3239999999998	2249.7428	523.5411	691.5994	1166.1883	1049.5377	751.6422	1409.1759	1228.3943	1723.1955	794.127	926.0864	1347.3038	890.8979
BIOTIN-BIOSYNTHESIS-PWY	biotin biosynthesis I	14963.0588	13020.315	17522.6429	17006.7542	19110.0627	17363.8644	10525.9951	12059.3226	15145.4435	12465.9783	12945.222	13088.4847	16064.9184	18733.5333	15666.8128	15688.6097	16799.7324	15917.7969
BRANCHED-CHAIN-AA-SYN-PWY	superpathway of branched amino acid biosynthesis	24481.456000000002	26229.0237	29443.2947	28792.5636	28711.8137	28216.1383	19881.6553	24091.2266	26909.0052	20993.5142	23508.4659	24498.0543	29212.2355	31696.4778	28298.3853	29421.0096	30044.5901	27557.4783
CALVIN-PWY	Calvin-Benson-Bassham cycle	18171.7935	19770.3632	22593.7846	21619.5225	21917.2938	21406.7537	15094.2997	18447.701	20480.7425	15921.6971	17686.3055	18622.1823	22091.0442	23814.1157	21420.6761	21889.422000000002	22729.5072	20930.8815
CATECHOL-ORTHO-CLEAVAGE-PWY	catechol degradation to &beta;-ketoadipate	2265.6578	2701.5123	3673.1016	3014.1504	2637.1901	2753.8034	1738.1758	2626.1274	4104.7698	2667.5958	2522.8927	2537.4208	3282.337	3505.6536	2613.2574	3907.8777	3159.5495	3005.5736
CENTFERM-PWY	pyruvate fermentation to butanoate	469.5498	642.2704	280.9963	367.3594	205.9285	358.0176	1100.5148	498.5163	731.5464	589.3348	373.033	1507.9922	207.2801	98.7138	277.286	159.6996	212.2121	378.23900000000003
CHLOROPHYLL-SYN	chlorophyllide a biosynthesis I (aerobic, light-dependent)	1183.0918	1193.9273	1606.2838	1171.5302	1466.7007	1364.5138	2535.7954	2157.8401	2048.7615	1360.5587	2584.0905	2672.9861	3406.4557	3191.8278	2562.4164	2223.4907	3349.1659	1828.8175
COA-PWY	coenzyme A biosynthesis I	15771.6072	16853.3365	19095.8648	18652.2156	18782.256999999998	18536.7699	13049.0694	16134.6382	17792.6168	13726.8887	15290.9831	16271.9704	19106.1679	20692.5929	18530.3021	18878.1239	19464.0634	18251.7413
COBALSYN-PWY	adenosylcobalamin salvage from cobinamide I	11126.6388	12743.5642	14895.9745	14362.8418	13868.9235	13737.4634	8870.8866	11003.635	13050.7831	9735.4547	10899.955	11132.1046	13823.9274	14892.9765	12805.4764	13975.1992	14485.5818	12502.583999999999
CODH-PWY	reductive acetyl coenzyme A pathway	117.8187	187.699	108.2104	185.6746	233.7405	145.6651	237.8454	106.5916	178.58599999999998	107.0249	199.1025	237.9241	224.3424	260.3	269.0137	174.5481	222.9019	111.6631
COLANSYN-PWY	colanic acid building blocks biosynthesis	11324.4849	10789.8319	12536.4	12170.6872	13187.6302	13061.8057	9713.587	10832.1535	11971.7584	9464.3967	11024.0979	11864.8764	12942.6561	14464.591999999999	13327.9088	13176.0626	13402.9547	12344.5047
COMPLETE-ARO-PWY	superpathway of aromatic amino acid biosynthesis	17903.635	19062.9766	21699.4841	21063.6439	21384.4667	20673.0304	14862.7963	18416.3681	20122.1248	15807.2703	17423.4537	18462.1204	21648.838	23263.1929	21065.1573	21550.3803	22202.4256	20658.9079
CRNFORCAT-PWY	creatinine degradation I	29.1936	56.0852	8.9962	31.7504	7.497000000000001	9.7452	0.0	156.1887	64.9981	90.16799999999999	77.5157	115.4667	42.6547	0.0	16.4858	74.8901	50.1461	17.9826
DAPLYSINESYN-PWY	L-lysine biosynthesis I	17949.0596	19150.0522	21878.4406	21030.4161	21350.0797	21012.5657	13928.2649	17420.9318	19654.3091	15504.7382	16700.7093	17528.5734	21011.5508	22946.9955	20314.5779	21141.8634	21633.9479	20326.5809
DENITRIFICATION-PWY	nitrate reduction I (denitrification)	612.8601	477.0843	822.9203	808.9742	960.3325	819.3743	654.5168	962.4724	1206.5641	1029.3349	1031.5085	736.2848	886.6201	940.9336	1109.7774	977.3919	1140.3993	1041.2526
DENOVOPURINE2-PWY	superpathway of purine nucleotides de novo biosynthesis II	5342.7854	6877.3736	6437.3492	10301.4588	7483.3869	9661.9713	4019.3506	6270.4654	8000.9028	5721.7455	5775.5222	5772.6387	8450.818000000001	9564.523000000001	6368.1815	5960.82	8053.3735	7012.8147
DHGLUCONATE-PYR-CAT-PWY	glucose degradation (oxidative)	0.0	0.0	0.0	0.0	0.0	0.0	0.0	56.7198	9.218	39.5791	0.0	75.6925	0.0	27.3276	0.0	0.0	19.8912	9.4037
DTDPRHAMSYN-PWY	dTDP-L-rhamnose biosynthesis I	18175.4027	19539.7131	22504.1172	21850.1819	22435.2594	20740.2925	14300.3561	18271.0811	20652.7527	15823.7603	17236.7188	17434.8578	22487.5436	24097.9808	20763.8329	21592.1728	23008.6789	20669.8976
ECASYN-PWY	enterobacterial common antigen biosynthesis	0.0	0.0	1.2853	0.0	1.0711	0.6427	64.6416	1.7136	0.0	3.9175	2.5701	13.8974	0.0	2.5703	0.0	0.857	0.0	0.0
ENTBACSYN-PWY	enterobactin biosynthesis	3296.4606	5375.3722	4023.6604	4478.4399	3327.3889	3613.2936	2864.9281	3114.1882	4644.4389	3229.3481	3531.9724	3505.5172	4658.4902	4166.2337	4053.2563	5039.8356	5742.2127	3538.5702
FAO-PWY	fatty acid &beta;-oxidation I	27809.1482	28971.8348	32492.9195	31851.278	32458.2366	33124.5907	19136.5216	25342.1382	30593.2864	23529.938	24587.1931	24584.8028	32085.7207	34863.4156	30377.07	33060.2303	32577.5365	30200.1033
FASYN-ELONG-PWY	fatty acid elongation -- saturated	23311.161	22996.3136	29264.1564	28013.8289	29024.41	27674.3065	19601.5112	23570.9113	25367.8681	20313.1143	22780.7425	24275.6775	26187.7926	29227.4124	26840.6753	26436.0185	27877.3924	26404.1538
FASYN-INITIAL-PWY	superpathway of fatty acid biosynthesis initiation (E. coli)	19126.6548	16166.7889	22282.2115	21051.556	23745.6343	20987.8838	13596.2001	16183.5295	20434.2384	17264.5526	16808.8076	16507.1093	20867.2108	24477.3203	20181.7429	20309.1467	21762.5056	20564.8377
FERMENTATION-PWY	mixed acid fermentation	8136.2269	8142.7423	9842.6372	9448.9618	8982.2342	9876.3687	7979.4476	7931.0468	10395.5548	7563.5499	8635.4969	10065.2027	10538.2232	11118.3304	10193.7985	9809.424	10879.8134	9174.202
FOLSYN-PWY	superpathway of tetrahydrofolate biosynthesis and salvage	15674.0084	16427.2188	19272.6023	18647.418	19112.555	18527.9081	12581.9045	15630.812	17151.9448	13791.7051	14905.4831	15822.4464	18355.7284	20120.5797	18025.1413	18286.3583	19048.9082	17906.1029
FUC-RHAMCAT-PWY	superpathway of fucose and rhamnose degradation	0.0	122.2494	67.3703	0.0	4.4483	2.6656	223.4348	6.9532	60.6639	0.0	10.131	0.0	0.0	10.0273	0.0	3.5288	0.0	123.0878
FUCCAT-PWY	fucose degradation	36.7762	103.1235	185.4461	583.1023	314.7794	129.6591	172.0318	196.1244	41.7336	79.1974	82.4067	69.1796	166.5267	44.1791	110.0692	72.1208	90.0931	83.9901
GALACT-GLUCUROCAT-PWY	superpathway of hexuronide and hexuronate degradation	2764.1725	2589.6571	3707.8768	3887.8902	3469.5954	3289.1077	1792.5048	2089.7085	2871.3372	2483.5338	2180.1896	2225.1875	2413.365	2826.9578	2408.3787	2688.5653	2734.2863	2363.8049
GALACTARDEG-PWY	D-galactarate degradation I	3069.3871	2414.4320000000002	2804.8535	3020.3921	4047.6861	2861.3673	1744.8929999999998	1966.8039999999999	2343.7536	2281.509	2437.5457	2203.9035	3405.1908	4198.9307	3069.2926	2631.8767	3393.1633	2899.0392
GALACTUROCAT-PWY	D-galacturonate degradation I	3815.4372	4247.3614	4985.9597	5272.0648	4542.6868	4436.3218	3168.4127	3898.9131	4629.0606	3726.4952	3630.5681	4203.9659	3655.8859	4013.6113	3882.04	4299.444	4087.9764	3826.7894
GALLATE-DEGRADATION-I-PWY	gallate degradation II	3945.1114	2860.0536	4397.4846	4096.8519	5060.7326	3891.6884	1854.1335	2521.5241	4007.4734	2871.7238	3066.4522	2539.7848	3695.4294	4482.7006	3241.0513	3948.2591	4040.9535	3698.1393
GALLATE-DEGRADATION-II-PWY	gallate degradation I	1578.8732	860.9512	1258.3027	939.5609	1482.6841	719.5501	586.0896	1087.4025	2260.5460000000003	1195.9856	967.0295	954.125	1326.4533	1716.0677	1060.8458	1937.7601	1331.8033	1176.0755
GLCMANNANAUT-PWY	superpathway of N-acetylglucosamine, N-acetylmannosamine and N-acetylneuraminate degradation	398.2594	559.346	517.1676	452.974	547.9929	508.1504	350.2399	618.7654	322.046	225.9238	364.8188	533.0377	349.663	350.5435	524.9355	402.2516	403.53	280.6926
GLUCARDEG-PWY	D-glucarate degradation I	3160.3249	2572.0155	2914.4262	3106.8473	4123.1533	2915.4395	1806.6593	2082.0365	2463.0667	2389.9717	2562.1471	2326.9873	3568.8711	4327.5315	3240.0224	2778.6384	3603.0616	3014.5815
GLUCARGALACTSUPER-PWY	superpathway of D-glucarate and D-galactarate degradation	3069.3871	2414.4320000000002	2804.8535	3020.3921	4047.6861	2861.3673	1744.8929999999998	1966.8039999999999	2343.7536	2281.509	2437.5457	2203.9035	3405.1908	4198.9307	3069.2926	2631.8767	3393.1633	2899.0392
GLUCONEO-PWY	gluconeogenesis I	17733.1448	18693.3627	22008.9742	21288.0981	21200.3577	20763.0632	14494.7486	17724.9751	19808.8725	15522.4838	17235.4259	17791.7162	21661.1416	23429.0281	20855.3823	21311.1776	22196.2503	20779.5362
GLUCOSE1PMETAB-PWY	glucose and glucose-1-phosphate degradation	6440.0102	5132.3111	7162.5386	7643.3162	8613.2869	8587.4302	4742.9958	4508.208	6331.0494	5353.6443	5934.2554	6466.1344	7007.9898	8345.4559	6383.2438	6193.8972	7449.6303	6434.8955
GLUCUROCAT-PWY	superpathway of &beta;-D-glucuronide and D-glucuronate degradation	3090.9897	3704.0799	4272.9165	4458.4577	4081.0576	3954.4175	2150.5606	3373.2036	3497.5519	2824.1418	3170.4691	3158.1704	2944.4944	3220.8488	3120.3653	3438.1358	3622.5406	3353.5657
GLUTORN-PWY	L-ornithine biosynthesis	17550.661	18533.7788	20742.2618	20495.8562	20571.1907	20532.1754	14203.4787	17417.7204	19201.0083	15274.6774	16613.9066	17557.8092	20977.912999999997	22481.4618	20250.2592	20655.929	21397.9323	19957.7617
GLYCOCAT-PWY	glycogen degradation I (bacterial)	11815.3073	13061.7853	12909.169	13261.3541	12689.5198	13002.5581	10537.0157	11674.1291	13020.658000000001	10458.6719	11691.2355	12365.9203	15097.6059	16016.2552	14273.1908	14732.5567	14885.6843	13589.4617
GLYCOGENSYNTH-PWY	glycogen biosynthesis I (from ADP-D-Glucose)	12529.7587	13791.377	14428.7016	14526.6482	13047.0399	13251.8622	10902.9472	12582.4624	13932.3062	11015.5418	11999.1354	13158.9041	15517.0775	16100.5544	14386.2434	14876.5638	15395.0219	13981.0873
GLYCOL-GLYOXDEG-PWY	superpathway of glycol metabolism and degradation	0.0	48.9004	20.348	0.0	0.9984	0.599	107.5413	1.5812	23.6902	0.0	2.375	0.0	0.0	2.386	0.0	0.7977	0.0	55.7768
GLYCOLYSIS	glycolysis I (from glucose 6-phosphate)	17116.4319	18879.3587	20939.2155	20333.1596	19470.6497	19632.5961	14517.1832	17841.0002	20158.8518	15325.9098	16837.338	17700.8692	21579.7652	22824.7267	20621.8283	21245.7675	21691.8145	20208.0029
GLYCOLYSIS-E-D	superpathway of glycolysis and Entner-Doudoroff	15829.6649	17705.7829	19326.4809	18923.3077	17815.6562	18005.2409	13607.5764	16521.998	18678.8334	14451.3784	15890.425	16639.058	20005.9	21079.7717	19317.4281	19973.0541	20303.4997	18596.4327
GLYCOLYSIS-TCA-GLYOX-BYPASS	superpathway of glycolysis, pyruvate dehydrogenase, TCA, and glyoxylate bypass	17253.1765	18035.4133	20627.738	20318.715	20313.7577	20265.7967	13471.3057	16279.8062	18889.8922	14887.0395	16090.9863	16882.5235	20431.2516	22194.6614	19484.1766	20189.7571	21041.1583	19371.5383
GLYOXYLATE-BYPASS	glyoxylate cycle	15912.926000000001	17336.2016	19013.9701	18563.4216	18607.3286	18591.4927	11798.8021	14554.4958	16682.3413	13222.378999999999	14427.9999	14754.0186	18382.6097	19776.712	17377.9249	18573.8339	19243.6791	17374.0805
GOLPDLCAT-PWY	superpathway of glycerol degradation to 1,3-propanediol	47.8006	5.9732	56.7236	0.0	3.5819	42.476000000000006	20.9935	7.5748	8.7542	39.0726	35.4106	27.3033	0.0	0.0	48.6965	42.1475	45.3098	0.0
HCAMHPDEG-PWY	3-phenylpropanoate and 3-(3-hydroxyphenyl)propanoate degradation to 2-oxopent-4-enoate	183.6844	229.2243	286.486	115.3713	53.2929	193.9552	104.3475	251.3046	135.8961	107.9472	117.304	201.9172	266.1427	6.3777	283.1289	285.9273	232.5654	259.3579
HEME-BIOSYNTHESIS-II	heme biosynthesis I (aerobic)	12709.9953	11420.4436	15482.9695	14507.8172	16336.9732	15190.896	9901.5916	11692.6738	13210.5629	10751.9777	11813.563	12129.0127	13975.0278	16264.798999999999	13945.5952	13850.2725	14926.851999999999	14012.8649
HEMESYN2-PWY	heme biosynthesis II (anaerobic)	16834.4853	17618.8741	20741.8212	20015.4094	20291.476000000002	19754.3229	13954.2068	17006.7362	18989.1264	14869.5373	16354.0999	17131.8509	20170.4294	22069.3441	19788.1188	20181.629	20731.6135	19461.4687
HEXITOLDEGSUPER-PWY	superpathway of hexitol degradation (bacteria)	1330.4426	1891.5964	1300.5376	1366.6173	1002.9423	1468.0224	1668.2081	1617.9715	1356.9302	1017.4383	1160.5555	1444.6406	1367.0771	777.3742	1312.7445	1413.2044	1223.2939999999999	1192.77
HISDEG-PWY	L-histidine degradation I	13470.3579	14540.5	16379.3929	16137.2028	16512.7253	16419.895	8958.4638	12586.2868	15080.9811	11777.9621	12081.5341	12241.6935	15663.528999999999	17675.2176	14172.4175	15833.7607	16559.7976	14522.0864
HISTSYN-PWY	L-histidine biosynthesis	15638.7717	15387.6807	18596.1091	18013.3163	19027.7714	18126.4541	12753.4006	15537.7726	17003.7798	13683.5343	14789.2499	15843.8574	18224.7113	20112.321	17923.3393	17896.4769	18763.4266	17607.4819
HOMOSER-METSYN-PWY	L-methionine biosynthesis I	8322.4263	12190.8424	10128.1321	10708.1842	6930.1012	9824.7521	7529.4062	10291.2872	10478.4112	7917.8152	8950.2275	9429.6833	11968.8767	10600.1569	11074.3451	11927.4199	12019.2792	10421.2237
HSERMETANA-PWY	L-methionine biosynthesis III	18584.3119	18576.5324	22501.6463	22018.8906	23072.4495	21514.3487	13917.4239	16667.5671	19343.3939	15194.0004	16969.326	17183.5379	21278.1132	23627.6262	20313.1448	21405.3865	22364.7757	20773.1997
ILEUSYN-PWY	L-isoleucine biosynthesis I (from threonine)	28737.6379	30912.1391	35848.0072	33806.0067	34073.1822	33297.7704	23259.4609	29455.014	32678.2191	25319.2543	27808.5472	28556.3698	34562.6963	37765.6282	33510.2097	34929.1418	35334.0871	33091.4176
KDO-NAGLIPASYN-PWY	superpathway of (Kdo)2-lipid A biosynthesis	0.0	0.0	44.6678	0.0	3.9991	2.3996	266.7754	30.3144	0.0	14.6194	73.1087	51.7602	0.0	9.5943	0.0	176.7622	0.0	0.0
KETOGLUCONMET-PWY	ketogluconate metabolism	3664.8731	3206.9342	3927.1174	4142.0637	4358.43	3620.0057	2053.8711	3335.6065	4143.3248	2883.7147	3258.7119	2914.9192	3855.2307	4626.1199	3407.1177	4291.0052	4458.0647	3708.5693
LACTOSECAT-PWY	lactose and galactose degradation I	0.0	0.0	0.0	0.0	0.0	0.0	56.4325	0.0	25.175	0.0	0.0	0.0	0.0	0.0	0.0	0.0	0.0	13.7362
LEU-DEG2-PWY	L-leucine degradation I	15714.2943	15920.437	19376.9036	18995.4537	20840.846	18778.6934	10417.8322	14090.0326	16257.553	12870.892	14029.4944	13295.2662	18389.3432	20487.4001	16832.8046	17606.4704	18785.4591	17433.6569
LIPASYN-PWY	phospholipases	193.4366	37.3188	138.1476	135.7707	59.6726	225.6916	56.7665	56.8755	9.2407	37.2904	57.0232	168.2554	0.0	0.0	14.9722	103.8114	69.5347	36.763000000000005
LPSSYN-PWY	superpathway of lipopolysaccharide biosynthesis	0.0	0.0	5.9712	0.0	2.6663	1.5998	6.2146	7.4784	0.0	0.0	11.7646	0.0	0.0	6.3977	0.0	4.2152	0.0	0.0
MET-SAM-PWY	superpathway of S-adenosyl-L-methionine biosynthesis	11511.7944	14727.5479	14144.4904	14278.8412	10757.0373	13459.4623	10146.072	13171.395	14154.2701	10744.8584	11863.1742	12603.993	15409.4511	14768.0257	14606.3221	15405.3876	15516.1729	14045.2419
METH-ACETATE-PWY	methanogenesis from acetate	6.3971	0.0	31.6113	0.0	13.3219	0.0	47.8266	0.0	0.0	0.0	0.0	42.5632	0.0	6.9306	0.0	0.0	0.0	0.0
METHANOGENESIS-PWY	methanogenesis from H2 and CO2	0.0	0.0	0.0	0.0	0.0	0.0	0.0	0.0	0.0	0.0	0.0	11.8413	0.0	0.0	0.0	8.8643	0.0	0.0
METHGLYUT-PWY	superpathway of methylglyoxal degradation	0.0	0.0	1.4964	89.5177	7.0102	0.7488	57.613	35.1782	0.0	33.1481	41.047	65.8001	0.0	2.9824	0.0	28.4678	38.5134	0.0
METHYLGALLATE-DEGRADATION-PWY	methylgallate degradation	4382.9057	3397.7016	4967.4299	4677.9494	5283.3384	4383.8119	2201.3337	2988.1817	4624.9772	3316.6806	3547.8158	2996.3037	4327.9131	5138.8723	3798.8465	4593.7018	4691.952	4270.5419
NAD-BIOSYNTHESIS-II	NAD salvage pathway II	5278.3206	3700.2049	5491.7976	5964.988	6847.939	5586.7163	2746.8117	3101.6257	4733.0811	3895.2848	4079.3395	3606.1997	5156.7401	6208.1157	4535.6747	4766.3908	5748.1987	4942.6526
NADSYN-PWY	NAD biosynthesis II (from tryptophan)	3668.2894	3799.7005	6706.6669999999995	4498.8052	5353.8163	4613.5262	2654.962	5302.9933	6150.2903	4338.8137	4044.5409999999997	3652.865	5151.3934	5487.1990000000005	4639.6943	4515.2492	4945.8077	5653.2751
NAGLIPASYN-PWY	lipid IVA biosynthesis	10571.5968	8676.392	12942.6822	11836.6259	14561.9259	12272.4149	7839.526	9508.9525	11063.1364	8788.7696	9579.7169	9960.9449	11303.8196	13755.067	11460.9525	11049.0503	12077.9927	11513.9468
NONMEVIPP-PWY	methylerythritol phosphate pathway I	14728.0411	16072.0334	17370.9015	17893.7677	17503.8838	16885.5965	11938.618	14247.6141	16292.8803	12438.2721	14186.5214	14951.7826	17719.2603	19192.1257	16973.4208	18259.1919	18315.0279	16406.0029
NONOXIPENT-PWY	pentose phosphate pathway (non-oxidative branch)	21236.7057	23924.442000000003	26585.5212	25018.0367	25055.1237	24900.4411	17817.7927	21740.7523	24978.002999999997	19085.3526	20667.0137	22129.6861	26114.8443	27747.1107	24871.6615	26209.8735	27230.3282	24410.0183
OANTIGEN-PWY	O-antigen building blocks biosynthesis (E. coli)	16466.4924	17891.0756	19818.2109	19729.4287	19674.4403	19209.1096	13372.3939	16420.8155	18200.3577	14153.5201	15862.9954	16512.3728	19987.4273	21509.0607	19140.5033	19760.4057	20579.4236	18779.881
ORNARGDEG-PWY	superpathway of L-arginine and L-ornithine degradation	0.0	0.0	2.7686	0.0	2.3231	1.3942	116.5554	3.7231	0.0	8.4968	5.5539	86.4898	0.0	5.3927	0.0	1.8512	0.0	0.0
ORNDEG-PWY	superpathway of ornithine degradation	0.0	0.0	1775.7214	0.0	2330.4719	1860.2741	885.1317	1411.1221	0.0	1080.7828	1489.4764	1296.0056	0.0	1518.0369	0.0	1133.9705	0.0	0.0
P101-PWY	ectoine biosynthesis	3044.7825	3906.4207	4241.7573	4190.366	2977.4252	3310.5435	2155.2656	3354.6559	4443.1377	3490.6381	3067.3248	3084.4635	3922.6477	3621.7315	3586.5843	4670.0817	4603.5271	3689.0131
P105-PWY	TCA cycle IV (2-oxoglutarate decarboxylase)	22133.8869	23418.9235	26637.2499	26034.3046	26082.8239	26029.687	17147.9593	20981.7035	24187.1698	18889.5065	20506.976000000002	21493.3692	26023.0803	28226.59	24944.9081	25961.9473	26795.477000000003	24767.4922
P108-PWY	pyruvate fermentation to propanoate I	15006.8815	18291.2288	19630.0968	17596.0598	15872.9733	17217.453999999998	13081.6393	17128.73	18428.8887	13862.5419	14876.1277	15758.7346	19042.572	19428.0477	18533.9672	19349.2604	19000.5039	18498.5657
P122-PWY	heterolactic fermentation	5121.5537	6313.1842	5796.5677	7510.3835	5877.1127	5923.4355	5991.1388	6588.5141	5834.9175	5378.6294	5327.7462	6952.8185	6133.3831	6254.6905	6460.0936	6824.5372	6219.8011	6176.0867
P124-PWY	Bifidobacterium shunt	9734.1882	13311.2272	12649.2858	12246.0721	9735.759	10928.1438	9369.9282	11792.1768	14042.5499	9723.4192	11076.3258	11380.3185	14930.6461	15361.8203	13296.075	15017.202	15278.8692	12475.878
P125-PWY	superpathway of (R,R)-butanediol biosynthesis	895.7551	793.8397	680.5097	1098.1401	348.1478	645.019	885.2145	1200.7001	1792.9385	1121.5582	818.9377	1048.1637	856.9564	861.0169	888.5397	1456.8666	1017.7641	708.0771
P161-PWY	acetylene degradation	5183.5685	8452.4481	7935.4263	6927.0748	4301.6532	5690.4439	6444.5483	7589.2762	8505.5492	5759.7668	6583.1268	8040.7354	8778.1222	6723.2006	8043.8241	8504.4063	9163.2948	7381.5153
P162-PWY	L-glutamate degradation V (via hydroxyglutarate)	0.0	0.0	0.0	0.0	0.0	0.0	0.0	0.0	0.0	0.0	0.0	0.0	0.0	0.0	27.8837	0.0	0.0	0.0
P163-PWY	L-lysine fermentation to acetate and butanoate	1789.1454	3346.8307	2651.4840000000004	2624.1497	2093.0922	2229.1653	1583.5238	2237.5526	2339.156	1467.2808	2058.2727	2034.0631	2683.5506	2085.2245	2523.4743	2649.8109	2253.1234	2614.4682
P164-PWY	purine nucleobases degradation I (anaerobic)	744.6727	876.0651	574.4231	465.7851	536.1501	465.7845	1351.4742	1297.3628	997.6389	630.8912	1134.7521	1227.7692	1066.8324	1247.9237	1474.261	1437.745	827.7253	1120.165
P184-PWY	protocatechuate degradation I (meta-cleavage pathway)	3518.1865	2735.6525	4314.3614	4053.4770000000003	4852.8141	3940.5351	1710.7747	2205.2206	3481.9781	2612.3206	2844.24	2321.8372	3342.6102	3920.4649	3111.2283	3455.3791	3810.3849	3511.9034
P221-PWY	octane oxidation	5262.8243	6448.5731	7070.3207	5973.3523	7150.3503	5955.5547	3161.9396	3784.4228	3955.9663	3858.7191	4294.5249	3289.3865	5904.181	5826.5646	5660.9177	5716.2969	6307.2576	4903.4477
P23-PWY	reductive TCA cycle I	5476.1976	7586.0123	4142.6965	7996.3873	4136.1367	6047.2198	6555.7815	7595.57	6187.3736	4932.3342	5775.0628	8099.2689	6137.2779	4929.3023	7541.9373	7152.7301	6385.7567	6959.599
P241-PWY	coenzyme B biosynthesis	181.1631	250.6226	93.0667	255.4138	237.0956	132.8941	163.2679	310.1605	148.7897	185.2856	227.0228	207.9051	601.0758	149.7734	274.4352	192.7448	312.3038	269.5091
P261-PWY	coenzyme M biosynthesis I	120.9683	122.8861	87.59299999999999	0.0	34.2373	149.4063	162.8714	199.938	167.6107	149.3674	135.2577	281.0008	97.6097	84.6042	145.8896	100.4254	182.7463	45.2539
P281-PWY	3-phenylpropanoate degradation	3615.1888	2957.4944	4910.0753	4320.3589	5886.2458	4161.1862	2072.9166	4266.0362	3885.8828	3050.5046	3514.3736	2978.853	4214.3528	5261.8927	3688.4337	3661.4088	4802.9718	4603.7169
P381-PWY	adenosylcobalamin biosynthesis II (late cobalt incorporation)	1622.5867	738.3554	1167.1329	624.253	211.2353	1906.6862	1544.2875	1939.6093	2217.9124	1742.6355	1215.2609	2117.5802	2142.1609	1002.0051	1739.5156	2472.7552	2506.0682	2510.4962
P4-PWY	superpathway of L-lysine, L-threonine and L-methionine biosynthesis I	13834.8503	16275.0045	17224.0384	16959.1623	14698.514	16298.0931	11669.162	15081.3967	16206.4072	12605.7564	13895.4274	14611.7485	17456.4805	17907.5589	16804.9873	17490.756999999998	17958.3605	16476.2757
P42-PWY	incomplete reductive TCA cycle	9748.6467	12199.3995	12611.5184	11201.2251	10520.0989	11528.2538	8416.4845	11108.3762	11557.5089	9781.2757	9745.0248	11313.1245	11182.2259	10802.8747	11762.9359	12742.3908	12362.7046	11169.1178
P441-PWY	superpathway of N-acetylneuraminate degradation	1151.8407	1601.6996	1485.7598	1336.1307	1377.0174	1405.626	1071.8558	1765.9419	1016.0073	709.1624	1099.8329	1591.7304	1088.0701	1082.685	1549.6303	1232.8466	1241.4709	869.2633
P461-PWY	hexitol fermentation to lactate, formate, ethanol and acetate	664.327	1011.8893	625.3694	1441.3653	357.2597	625.0632	1481.7075	1203.6614	971.4202	948.0712	550.1689	1649.2383	460.2527	286.8523	538.9249	558.9869	414.1279	588.6268
P562-PWY	myo-inositol degradation I	3879.6384	5142.9423	4848.3057	5565.8355	4668.8948	4679.4956	2729.9171	4280.255	4659.8779	3717.4379	3900.0277	4251.5013	4517.1388	4809.7563	4158.9738	5404.2609	5835.2086	4037.0688
P621-PWY	nylon-6 oligomer degradation	49.1222	64.3843	53.4029	64.9022	0.0	37.6298	42.9474	35.5609	58.903999999999996	0.0	39.504	60.6091	39.3716	0.0	56.8597	64.5917	37.6042	33.6545
PANTO-PWY	phosphopantothenate biosynthesis I	17079.0153	18439.976000000002	20765.6582	20522.2129	20467.6085	19834.3908	13789.8634	16986.2313	19252.8127	14985.6634	16351.9941	16955.7805	20502.337	22345.2068	19802.4973	20522.0709	21143.7916	19453.8985
PANTOSYN-PWY	pantothenate and coenzyme A biosynthesis I	16113.6062	17327.6235	19552.7253	19143.4308	19163.9594	18811.9372	13239.766000000001	16343.6153	18221.2012	14127.4225	15513.3232	16358.8772	19528.7216	21130.0227	18909.4188	19324.2473	19939.6694	18572.6799
PENTOSE-P-PWY	pentose phosphate pathway	16625.4559	19276.182	20374.5274	19603.3925	17084.6355	18462.45	14666.9137	17754.2946	19843.0998	15582.4962	16885.5063	18026.0405	20894.2986	21742.4676	20400.8881	21418.6421	21436.7243	19423.8627
PEPTIDOGLYCANSYN-PWY	peptidoglycan biosynthesis I (meso-diaminopimelate containing)	16096.9131	17450.477	19641.6852	19139.3936	19061.4592	18835.4888	13515.1572	16564.7545	18222.173	14204.7346	15655.3117	16574.6005	19659.5775	21177.8727	19072.2694	19378.8944	20052.7709	18766.96
PHOSLIPSYN-PWY	superpathway of phospholipid biosynthesis I (bacteria)	20701.4331	21761.1599	24427.0485	24379.8557	25281.4617	24543.9429	16744.6103	19930.4843	22122.1278	17586.6241	19519.9761	20566.3825	24347.4885	26207.662999999997	23699.9742	24224.4477	24974.1767	23151.8695
POLYAMINSYN3-PWY	superpathway of polyamine biosynthesis II	4083.0636	3982.2766	5112.8293	4057.6086	3655.1556	4142.6772	4278.8634	4593.4369	6428.0916	4947.6557	4512.5402	5524.201	5305.3021	5834.7006	5163.1521	6050.7244	5704.2938	4434.7124
POLYAMSYN-PWY	superpathway of polyamine biosynthesis I	8592.9711	7804.6284	9323.5751	10131.839	10191.9827	9885.5009	5955.2907	6870.7694	9002.1293	7189.670999999999	7310.3498	7904.0362	8981.1253	10478.9159	8235.3578	9602.1106	9842.6827	8149.9238
POLYISOPRENSYN-PWY	polyisoprenoid biosynthesis (E. coli)	17131.581000000002	17372.0011	20623.1152	19823.2772	20690.0327	19882.115	13067.0284	16342.1055	18459.4092	14611.2974	15759.7163	16320.5238	19799.2759	21745.9969	19304.0992	19837.5757	20281.096	19238.1505
PPGPPMET-PWY	ppGpp biosynthesis	10612.7965	8711.3162	11971.1123	11844.2289	14255.3517	11908.9356	6101.9148	7178.5234	8380.9432	7687.6288	8603.3325	8094.0286	9595.6034	12104.5521	9122.1752	10163.0838	10943.2148	9918.1145
PROTOCATECHUATE-ORTHO-CLEAVAGE-PWY	protocatechuate degradation II (ortho-cleavage pathway)	12051.6426	13596.8088	14927.2851	14544.7228	14247.6148	13379.6417	8168.1387	11578.6814	12315.3812	10173.896	11436.133999999998	11223.1793	13216.658000000001	14537.0805	12800.464	14590.1977	15331.2602	13232.5327
PRPP-PWY	superpathway of histidine, purine, and pyrimidine biosynthesis	5849.4082	6896.1398	7155.6005	10150.2281	8204.3349	9697.3122	4431.4086	6510.2059	7447.2212	5823.0177	6073.9552	6349.1885	7528.1438	9034.0864	6435.5612	6324.0333	8205.798	7055.0162
PWY-1269	CMP-3-deoxy-D-manno-octulosonate biosynthesis I	10732.9588	8755.9631	12476.7951	11717.0005	14132.6546	12770.2626	7364.9536	9052.9587	10416.8241	8714.6295	9094.6446	9276.4616	10638.5337	12992.7007	11057.4206	10797.7729	11150.4632	11348.5973
PWY-1361	benzoyl-CoA degradation I (aerobic)	538.5644	473.9375	800.6892	735.7318	1114.7648	946.4014	433.7345	1021.679	778.5004	735.5456	936.5075	555.5271	677.0606	605.4856	882.2756	670.135	995.6889	985.3008
PWY-1422	vitamin E biosynthesis (tocopherols)	0.0	34.5428	0.0	0.0	16.1004	32.2011	107.15299999999999	248.9011	50.1429	15.716	357.3017	118.6027	15.6906	0.0	0.0	119.6107	120.2674	95.8071
PWY-1501	mandelate degradation I	213.0295	366.9913	367.264	513.9273	278.7121	417.1969	191.11700000000002	364.0942	421.5047	321.8237	311.6753	412.2552	353.6327	223.3367	173.696	465.6783	473.2607	307.0419
PWY-1622	formaldehyde assimilation I (serine pathway)	1122.6373	1043.9782	1728.3875	1221.37	1584.2011	1582.4732	917.8833	674.0457	681.4922	783.6407	487.3989	1071.8424	872.8923	1228.3708	861.0783	954.9486	1020.1216	867.8057
PWY-181	photorespiration	8812.1245	8424.1517	9338.8342	10467.264000000001	9640.8321	10627.7733	6776.2478	7165.3093	8323.7475	6545.0464	7717.7476	8854.9921	9673.8314	11134.8486	9465.555	9382.3156	9912.9919	9668.2228
PWY-1861	formaldehyde assimilation II (RuMP Cycle)	1143.1243	1277.6908	822.5922	2693.9495	915.317	1275.005	2132.5172	2044.4364	1634.3227	1725.8137	1174.9247	2793.2911	1001.5812	728.4264	1440.7536	854.4015	909.9127	889.2872
PWY-1882	superpathway of C1 compounds oxidation to CO2	268.6152	353.3717	412.8577	223.0817	336.0133	520.4324	274.5398	302.7677	209.4401	216.4041	90.6525	277.7598	336.7784	297.1708	380.7045	269.5213	236.1823	228.6934
PWY-2221	Entner-Doudoroff pathway III (semi-phosphorylative)	222.7038	191.8994	62.8488	0.0	49.4045	319.9155	300.3939	353.7641	244.9609	204.7469	248.9103	418.8257	85.2049	196.558	98.5884	62.846000000000004	368.3257	85.1886
PWY-2941	L-lysine biosynthesis II	715.7439	587.5776	932.5156	580.0753	253.0944	704.8932	1852.4813	1109.9686	1276.7408	1366.4262	597.3795	2400.3029	237.19	123.5453	367.5181	366.0961	277.5838	491.7967
PWY-2942	L-lysine biosynthesis III	19755.9802	21692.4855	24621.9531	23424.2605	23185.3492	23125.9147	16187.7968	20150.5033	22739.2071	17621.603	18959.9791	20133.2405	23841.7206	25455.1577	23194.9837	23939.0492	24527.2221	22728.662999999997
PWY-3001	superpathway of L-isoleucine biosynthesis I	19239.5514	20828.8095	23367.231	22589.4194	22365.1288	22235.2699	15835.8308	19319.7739	21719.5955	16869.4324	18543.0231	19590.0728	23208.6189	24890.5813	22428.1646	23107.4175	23686.1915	21982.8188
PWY-3081	L-lysine biosynthesis V	55.7048	0.0	25.9525	0.0	37.3981	0.0	0.0	0.0	0.0	47.7382	0.0	25.4238	0.0	0.0	0.0	0.0	0.0	14.4653
PWY-3661	glycine betaine degradation I	2245.7963	2115.5381	3451.093	3618.93	3942.0328	3331.5216	1089.2098	1910.479	1904.1078	1862.0079	2526.1788	2041.8285	1927.7414	2961.9718	1775.8846	2592.1245	3129.2898	2263.2047
PWY-3781	aerobic respiration I (cytochrome c)	57021.4252	65641.9867	70958.9555	67125.6932	64403.867999999995	65694.4195	47157.4469	59238.6436	67552.8386	51105.6629	55396.6168	57308.4869	72401.4993	76361.5551	68557.5605	72366.0624	73262.166	66792.1436
PWY-3801	sucrose degradation II (sucrose synthase)	0.0	158.6144	0.0	0.0	44.9034	129.1073	572.3512	1451.4446	237.2535	29.9439	2373.1511	636.999	69.6812	0.0	0.0	901.6560000000001	446.1402	483.5797
PWY-3941	&beta;-alanine biosynthesis II	57.7678	75.7316	103.0121	74.403	0.0	44.7638	51.3262	43.3775	67.6373	0.0	47.3015	78.5422	48.7149	0.0	66.9036	73.1621	45.8505	40.4642
PWY-4361	S-methyl-5-thio-&alpha;-D-ribose 1-phosphate degradation	409.7604	362.4371	373.1406	1050.6211	204.7259	440.139	952.6594	787.7733	633.2071	681.9523	514.1394	1226.0085	205.2192	84.8148	289.5317	277.8127	231.9774	219.4017
PWY-4984	urea cycle	10384.3751	11502.4408	12713.8655	12744.6372	11571.9634	12159.3231	7879.4806	10021.2747	10915.4628	8928.6705	9963.7869	10203.6487	11704.1739	12435.8041	11418.0779	11687.5516	12860.7341	11491.1683
PWY-5005	biotin biosynthesis II	0.0	0.0	0.0	0.0	0.0	0.0	38.3208	0.0	0.0	0.0	0.0	76.5422	0.0	0.0	0.0	0.0	0.0	0.0
PWY-5022	4-aminobutanoate degradation V	9720.1756	11906.0355	11551.9493	11586.5705	10201.501	10583.6409	7465.5545	9809.2306	10732.8204	8577.4875	9359.3864	9743.0958	12002.6411	12486.79	10991.0475	12301.067	13112.7881	10966.0086
PWY-5028	L-histidine degradation II	9578.5736	7856.0073	10569.2361	11345.343	12842.386	11987.1492	5209.3371	7004.1372	9527.9553	7393.8647	8213.9409	7466.7449	9995.0115	12161.1109	9300.7918	10106.9523	11138.0069	9544.3405
PWY-5097	L-lysine biosynthesis VI	18760.3113	20406.156000000003	23277.8772	22225.0774	22178.999	21974.2631	15469.3925	19168.0729	21528.517999999996	16673.5404	18081.3201	19148.4262	22569.9308	24382.2033	22030.0788	22700.2494	23188.0455	21661.074
PWY-5100	pyruvate fermentation to acetate and lactate II	2193.8794	2701.0715	2359.0375	3569.2826	2671.8949	2581.8222	2879.4477	3005.1952	2311.0337	2359.6708	2181.1554	3276.6626	2395.4121	2419.1232	2683.1794	2792.1247	2425.341	2580.3607
PWY-5101	L-isoleucine biosynthesis II	29672.0046	31692.3588	36604.0324	35009.6454	35133.9676	34450.5763	23963.8802	29878.0227	33339.8124	25962.3851	28598.6562	29434.7445	35420.7504	38564.8979	34445.5214	35725.771	36327.553	33932.9612
PWY-5103	L-isoleucine biosynthesis III	21576.8328	22961.871	25628.6487	25364.0714	25158.8384	24748.1189	17523.4678	20793.1988	23354.4321	18277.8064	20612.9576	21706.6438	25504.6276	27659.5898	24725.3809	25789.3341	26378.9412	24049.6638
PWY-5104	L-isoleucine biosynthesis IV	14318.2751	13231.363000000001	17502.9852	16535.5535	18469.512	16346.5005	9594.7797	11407.4292	13767.2166	11043.2744	12616.2063	11470.4445	14500.6056	16730.8933	14438.8421	16088.4546	16181.7508	15005.1161
PWY-5121	superpathway of geranylgeranyl diphosphate biosynthesis II (via MEP)	15737.6462	17951.9081	18736.1973	19036.7948	17803.6579	17815.7161	12887.9426	15670.0171	17959.5692	13585.4411	15341.2707	16101.2176	19627.3668	20819.5144	18571.5479	20049.1167	20031.8937	17891.3094
PWY-5154	L-arginine biosynthesis III (via N-acetyl-L-citrulline)	10781.4356	11483.2812	14303.1967	12868.2966	12669.2121	13015.2118	9708.3752	12471.4283	12326.003	10398.949	11401.749	12636.5686	11715.5616	12253.4091	12858.3319	12730.2872	13087.5329	12810.6453
PWY-5177	glutaryl-CoA degradation	0.0	0.0	0.0	0.0	0.0	0.0	0.0	0.0	0.0	0.0	0.0	0.0	0.0	0.0	13.9976	0.0	0.0	0.0
PWY-5178	toluene degradation IV (aerobic) (via catechol)	461.8014	353.87699999999995	569.948	463.9172	628.0567	362.2663	361.5173	731.7465	295.2884	480.6432	510.9977	655.0071	294.9672	381.1685	467.7089	466.2145	592.5868	490.3777
PWY-5180	toluene degradation I (aerobic) (via o-cresol)	3316.7848	4886.6408	5026.0223	4370.7306	3227.2159	3774.7058	3081.448	4094.8119	4162.2984	3261.4437	3869.6035	3873.9962	4386.7391	3822.1267	4479.1054	4762.6111	5078.1282	4353.264
PWY-5181	toluene degradation III (aerobic) (via p-cresol)	2179.0558	2238.647	2480.2243	2047.1481	2537.739	2444.2670000000003	1892.6088	2480.9757	1866.3433	2375.2661	2420.8128	2749.0741	1806.5944	2195.7898	2410.0906	2106.7014	2391.4314	2382.3783
PWY-5182	toluene degradation II (aerobic) (via 4-methylcatechol)	3316.7848	4886.6408	5026.0223	4370.7306	3227.2159	3774.7058	3081.448	4094.8119	4162.2984	3261.4437	3869.6035	3873.9962	4386.7391	3822.1267	4479.1054	4762.6111	5078.1282	4353.264
PWY-5183	superpathway of aerobic toluene degradation	445.4052	317.8742	586.4755	616.2364	835.4333	463.6684	352.3015	665.4487	277.2487	466.1872	510.6161	655.9871	260.1063	433.9467	423.2201	457.2933	659.8607	465.7927
PWY-5188	tetrapyrrole biosynthesis I (from glutamate)	17343.0962	18651.7579	21056.4772	20478.5364	20387.3915	20168.0861	14223.5159	17782.3576	19643.9395	15251.2373	16654.4637	17606.1601	21045.6072	22583.0908	20260.3562	20840.8921	21529.6695	19980.8132
PWY-5189	tetrapyrrole biosynthesis II (from glycine)	16618.24	18162.5239	20440.4929	19736.9441	19547.3716	19428.4062	13849.2786	17332.0767	19249.9652	14768.0064	16143.0902	17062.3356	20509.4978	22013.7583	19712.5167	20305.2255	20815.1733	19399.3664
PWY-5198	factor 420 biosynthesis	156.8779	291.0962	648.3622	149.7878	434.2675	513.2417	2597.5757	1903.8035	2096.6725	903.382	2342.7438	2790.0564	2770.4881	2709.1117	2239.6642	1777.7417	3168.4915	1085.5803
PWY-5304	superpathway of sulfur oxidation (Acidianus ambivalens)	4629.0	3490.58	4036.0	4548.0	5787.0	4154.0	2565.39	3344.65	5120.47	2927.92	2538.0	3283.52	3979.0	5078.0	3113.17	4467.87	4128.0	3554.0
PWY-5345	superpathway of L-methionine biosynthesis (by sulfhydrylation)	16300.2694	16852.8871	20048.5531	19215.8692	19618.3304	19444.7948	13111.6073	15856.7	18159.3437	14284.5815	15486.8462	16305.2729	18977.9096	20409.0572	18647.6378	19182.226000000002	19605.5581	18196.6116
PWY-5347	superpathway of L-methionine biosynthesis (transsulfuration)	10788.2776	13535.1126	13838.3918	13574.6987	10635.952	12792.5791	9749.8519	12888.6488	13518.8415	10363.0809	11431.0334	12196.5451	14340.8628	14076.2346	13848.8053	14407.6329	14681.0915	13398.1363
PWY-5384	sucrose degradation IV (sucrose phosphorylase)	6825.7554	5409.4057	7811.209	8179.2965	9577.1073	9188.7324	4484.4234	4206.7029	6664.4594	4956.9674	5489.3069	6363.1832	7368.9903	8741.8013	6396.0375	6444.6386	7903.7085	5974.5788
PWY-5392	reductive TCA cycle II	0.0	270.9122	233.0327	315.7494	187.9616	277.8029	159.9274	267.1015	194.8717	38.4435	69.8316	256.7565	253.7769	160.346	194.9272	160.3279	177.6728	191.4523
PWY-5415	catechol degradation I (meta-cleavage pathway)	3052.7333	4736.899	4792.6332	4058.7211	2916.0815	3427.3983	2584.5833	3845.7927	3935.7728	3057.6085	3383.4485	3566.4453	4151.3237	3356.2493	4057.3233	4496.0008	4442.4905	3942.4054
PWY-5417	catechol degradation III (ortho-cleavage pathway)	1397.0225	1479.9303	1704.2811	2491.1791	2034.3247	2328.3005	1213.4537	1628.0323	1905.7289	1593.3994	1582.5736	1778.3701	1781.5405	2375.317	1562.3757	1477.4117	1929.5285	1587.114
PWY-5419	catechol degradation to 2-oxopent-4-enoate II	1574.4942	1860.7922	2610.2241	1811.142	1633.089	1056.9904	1341.8375	1733.7169	1761.725	1641.0536	1834.5793	1561.9526	1719.8097	1450.1422	2058.2617	2105.7539	2018.6889	2336.3777
PWY-5420	catechol degradation II (meta-cleavage pathway)	1972.6672	2521.3499	3250.6283	2365.5965	1988.8955	1492.4345	1687.2015	2247.7509	2295.5976	2026.0894	2273.6063	2042.4576	2314.7293	1913.7448	2614.3977	2718.2207	2633.7870000000003	2844.4159999999997
PWY-5430	meta cleavage pathway of aromatic compounds	479.1656	383.0763	616.0692	486.121	753.2781	372.7453	358.7008	710.1139	295.9417	483.5763	520.9057	650.165	310.3763	385.635	488.5569	478.0418	619.737	508.3825
PWY-5431	aromatic compounds degradation via &beta;-ketoadipate	1397.0225	1479.9303	1704.2811	2491.1791	2034.3247	2328.3005	1213.4537	1628.0323	1905.7289	1593.3994	1582.5736	1778.3701	1781.5405	2375.317	1562.3757	1477.4117	1929.5285	1587.114
PWY-5484	glycolysis II (from fructose 6-phosphate)	16797.6766	18673.2436	20490.8876	20106.336	19103.7107	19267.5748	14217.208	17172.3687	19242.7959	14759.0558	16496.3308	17165.7566	21241.158	22316.5253	20168.4435	20679.7687	21259.2745	19802.734
PWY-5505	L-glutamate and L-glutamine biosynthesis	6409.3329	6389.2175	9192.7065	8139.8528	8592.6288	7391.455	6616.5786	9000.9805	11244.1169	7480.9706	7257.8353	8551.7373	9846.0054	10334.923	8773.0647	8605.0236	9486.0287	8145.6054
PWY-5507	adenosylcobalamin biosynthesis I (early cobalt insertion)	213.2185	537.8297	271.0839	238.0193	52.8349	355.1983	816.5047	384.9442	563.3799	172.5426	217.3751	336.7529	224.0788	123.5716	374.6379	350.9522	214.6695	269.54900000000004
PWY-5509	adenosylcobalamin biosynthesis from cobyrinate a,c-diamide I	8811.6184	8731.2232	11682.4382	11497.5777	11450.9121	11208.3389	6148.8819	7305.9611	9756.3981	7386.6578	7770.5328	8354.0498	9572.7226	10808.3628	8969.8025	9560.7524	10032.4792	9267.4059
PWY-5529	superpathway of bacteriochlorophyll a biosynthesis	1848.9559	1652.7614	2281.7896	1781.7459	2273.7411	1964.9872	2869.0490000000004	2735.9508	2449.5695	1838.5522	3159.1602	2792.6162	4061.0839	4123.5645	3065.4143	2815.7997	4161.462	2567.4898
PWY-5531	chlorophyllide a biosynthesis II (anaerobic)	2600.8312	1240.9135	2094.0521	1899.2283	2892.2214	1819.7883	2970.6252	2731.3516	2469.1449	1785.6983	3067.4379	2946.2802	4154.5354	4524.8024	2868.5014	2599.5318	4393.7889	2691.3416
PWY-5647	2-nitrobenzoate degradation I	835.0433	1074.8989	1342.1984	825.8854	970.9035	692.9131	663.0616	920.6941	1046.861	972.9419	943.4538	833.3654	957.7793	860.4548	1126.4528	1135.5434	1185.2198	1176.1723
PWY-5651	L-tryptophan degradation to 2-amino-3-carboxymuconate semialdehyde	2525.0467	2608.8582	4886.6913	3109.6576	3768.7849	3200.0299	1807.4566	3838.3424	4466.7704	3100.4778	2826.8074	2513.9057	3599.7995	3827.9152	3217.3725	3116.7876	3434.6204	4030.7952
PWY-5654	2-amino-3-carboxymuconate semialdehyde degradation to 2-oxopentenoate	798.7154	1078.0439999999999	1208.6562	765.0854	876.8507	631.8748	647.5163	811.4939	924.7965	892.3898	906.0194	786.0055	868.0481	764.5737	1055.0016	1103.6425	1128.7118	1073.8742
PWY-5655	L-tryptophan degradation IX	1475.4278	1873.4666	2406.8328	1550.4019	1713.7443	1327.7557	1161.3518	1695.3817	1916.4195	1677.8399	1652.5881	1490.3425	1777.5802	1603.6353	1966.7365	1993.6734	2084.9405	2082.078
PWY-5656	mannosylglycerate biosynthesis I	154.7197	107.2149	130.5762	90.316	133.5215	141.0064	188.5212	68.8349	238.6393	103.3192	145.8771	151.7856	171.6129	149.5559	282.155	254.3263	123.4688	154.6037
PWY-5659	GDP-mannose biosynthesis	18084.7835	20413.6209	22735.1209	22455.4137	21432.3942	21452.6169	15308.6506	18973.4005	21500.1831	16379.4822	18018.674	18776.1802	22883.6096	24346.8202	21861.1609	22451.7322	23522.6477	21196.443
PWY-5667	CDP-diacylglycerol biosynthesis I	23336.2154	22712.0169	27072.2374	27349.821	28990.25	27119.2226	17928.9728	21250.7556	23789.3608	19302.1113	21297.8818	22348.3971	26087.0521	29240.9634	25451.5259	26077.3805	27244.6641	25239.8782
PWY-5676	acetyl-CoA fermentation to butanoate II	3132.8508	2938.7192	3686.2101	3429.5459	4405.2346	4084.2154	3305.1784	2898.3922	3076.2468	2877.1491	2675.5633	3514.8757	3154.345	3373.0566	3219.7377	2995.5889	3168.2576	3225.5146
PWY-5677	succinate fermentation to butanoate	84.6992	5.9726	260.6031	85.9449	144.0756	14.9038	108.7859	149.7371	90.9935	84.8183	192.7299	138.7445	32.3616	101.7195	195.0148	152.3058	207.0347	171.9124
PWY-5686	UMP biosynthesis	18310.2387	19421.8574	22386.1413	21748.5725	22090.6633	21500.6669	15242.2098	18739.1823	20638.403000000002	16039.2298	17781.6482	18799.1386	22139.2636	24049.1157	21558.3062	21831.8228	22714.6402	21191.4377
PWY-5695	urate biosynthesis/inosine 5'-phosphate degradation	26710.1457	29593.201	32471.1034	32013.2447	30548.6598	31057.5262	20099.1852	25503.1706	30309.6017	23025.3379	24983.2474	25520.9606	32964.9365	35516.3169	30460.1507	32756.1948	33707.9303	30310.3652
PWY-5705	allantoin degradation to glyoxylate III	2233.7839	2089.3197	2433.2053	3132.5959999999995	2465.6728	3093.5548	1851.6452	2128.9588	2312.2061	1881.6091	2102.8582	2590.4179	2066.697	2704.8797	2135.3763	2124.2394	2259.7912	2113.215
PWY-5741	ethylmalonyl-CoA pathway	1750.7739	1907.0507	2426.4797	2097.074	1519.5422	2080.5014	1716.3631	1690.5176	1483.3873	1179.5354	1668.9339	1765.1691	1462.3123	1503.118	1974.3689	1848.1978	1687.8191	1792.2087
PWY-5747	2-methylcitrate cycle II	4530.2533	4287.8367	4750.5404	5206.9659	6283.5746	5858.8768	3995.4179	4522.9578	5117.5342	3915.3579999999997	4699.0266	5190.8703	5606.4462	6235.8605	5391.9778	5271.5905	5991.4685	5075.624
PWY-5837	1,4-dihydroxy-2-naphthoate biosynthesis I	1713.0075	1772.4834	1769.6073	1608.5421	2357.7288	1721.4386	3270.6317	3128.5419	3094.7022	2434.5743	2983.1731	3148.4913	3977.268	4071.3511	3680.6483	3373.3269	3783.5725	2860.9252
PWY-5838	superpathway of menaquinol-8 biosynthesis I	3724.6044	4224.8757	4250.2781	3847.6087	4655.438	3908.6962	5587.8394	6078.2998	6076.0841	4795.4232	5490.7896	5866.5766	7491.0655	7581.9867	6916.4739	6461.8851	7118.1448	5826.2895
PWY-5840	superpathway of menaquinol-7 biosynthesis	3640.9687	4200.4538	4172.0206	3801.69	4445.7018	3814.4608	5475.9495	5984.3649	5974.3122	4692.9220000000005	5358.8201	5763.7885	7367.5438	7359.6927	6766.3072	6355.4179	6967.4485	5703.3612
PWY-5845	superpathway of menaquinol-9 biosynthesis	2378.8904	2711.6795	1913.4737	2352.1567	2000.7243	2222.4426	4234.4083	3636.1588	3815.9412	2961.4237	3895.3743	4485.5428	4916.6	4903.5282	4170.8997	3476.7244	5201.2428	2664.3887
PWY-5850	superpathway of menaquinol-6 biosynthesis I	2378.8904	2711.6795	1913.4737	2352.1567	2000.7243	2222.4426	3823.1735	3620.895	3595.1869	2961.4237	3188.3898	4417.6167	2718.3711	2457.3892	3081.3968	2628.7395	2799.9585	2664.3887
PWY-5855	ubiquinol-7 biosynthesis (prokaryotic)	15973.5268	14200.2667	18059.5983	18377.0046	20890.509	18688.7414	11009.8178	12819.8666	15605.6606	12432.3944	13880.5187	14168.3258	16689.3427	19311.9156	16377.8129	16856.1558	17899.6206	16404.9359
PWY-5856	ubiquinol-9 biosynthesis (prokaryotic)	15973.5268	14200.2667	18059.5983	18377.0046	20890.509	18688.7414	11009.8178	12819.8666	15605.6606	12432.3944	13880.5187	14168.3258	16689.3427	19311.9156	16377.8129	16856.1558	17899.6206	16404.9359
PWY-5857	ubiquinol-10 biosynthesis (prokaryotic)	15973.5268	14200.2667	18059.5983	18377.0046	20890.509	18688.7414	11009.8178	12819.8666	15605.6606	12432.3944	13880.5187	14168.3258	16689.3427	19311.9156	16377.8129	16856.1558	17899.6206	16404.9359
PWY-5860	superpathway of demethylmenaquinol-6 biosynthesis I	1659.8756	1899.3367	1314.7562	1630.0199	1375.9791	1535.8485	2773.4878	2585.5125	2551.3161	2107.9028	2262.3125	3197.5651	1890.3211	1696.932	2157.2545	1827.3525	1948.025	1857.1171
PWY-5861	superpathway of demethylmenaquinol-8 biosynthesis	2669.2572	3045.2812	3033.9737	2735.0101	3341.9043	2778.2989	4225.6014	4560.2164	4512.6432	3562.6455	4085.7446	4369.2142	5635.4491	5658.2774	5164.3967	4790.3159	5309.3415	4292.9175
PWY-5862	superpathway of demethylmenaquinol-9 biosynthesis	1659.8756	1899.3367	1314.7562	1630.0199	1375.9791	1535.8485	3101.2234	2597.1898	2718.7366	2107.9028	2803.9418	3251.0170000000003	3542.3498	3511.2719	2972.6995	2450.5919	3759.2455	1857.1171
PWY-5863	superpathway of phylloquinol biosynthesis	1925.7871	2003.6624	1995.7044	1815.21	2630.5559	1936.5186	3611.1672	3491.6373	3465.9356	2719.8831	3320.2247	3503.0159	4439.5407	4532.4197	4101.806	3777.2547	4222.2072	3201.8936
PWY-5896	superpathway of menaquinol-10 biosynthesis	2378.8904	2711.6795	1913.4737	2352.1567	2000.7243	2222.4426	3823.1735	3620.895	3595.1869	2961.4237	3188.3898	4417.6167	2718.3711	2457.3892	3081.3968	2628.7395	2799.9585	2664.3887
PWY-5897	superpathway of menaquinol-11 biosynthesis	3458.2998	3909.1908	3910.3463	3539.4449	4352.563	3610.0905	5364.7299	5761.6907	5739.2764	4522.04	5214.3099	5570.531999999999	7126.6103	7191.8536	6563.5473	6116.8982	6755.83	5472.3223
PWY-5898	superpathway of menaquinol-12 biosynthesis	3458.2998	3909.1908	3910.3463	3539.4449	4352.563	3610.0905	5364.7299	5761.6907	5739.2764	4522.04	5214.3099	5570.531999999999	7126.6103	7191.8536	6563.5473	6116.8982	6755.83	5472.3223
PWY-5899	superpathway of menaquinol-13 biosynthesis	3458.2998	3909.1908	3910.3463	3539.4449	4352.563	3610.0905	5364.7299	5761.6907	5739.2764	4522.04	5214.3099	5570.531999999999	7126.6103	7191.8536	6563.5473	6116.8982	6755.83	5472.3223
PWY-5910	superpathway of geranylgeranyldiphosphate biosynthesis I (via mevalonate)	1362.6391	1344.5806	1702.2108	1511.5999	682.4897	995.1897	801.3477	1679.1002	3373.237	1879.3238	1313.636	1397.5536	1860.0028	2092.7827	1666.2017	2737.3568	1449.7423	1445.0635
PWY-5913	TCA cycle VI (obligate autotrophs)	17046.961	17813.037	18801.9346	19506.0236	18879.381999999998	19511.3034	13501.0883	16016.1293	18857.5552	14599.4679	15929.6802	16695.0909	20691.8515	21809.8361	19438.0983	20380.121	20203.305	18812.6667
PWY-5918	superpathay of heme biosynthesis from glutamate	14827.868	14644.9998	17944.9415	17199.7808	18039.8744	17433.172	11895.2439	14489.7634	16246.9216	12874.3442	14028.1235	14665.5981	17325.731	19283.7217	16912.551	17061.3036	18013.4703	16811.1507
PWY-5920	superpathway of heme biosynthesis from glycine	9089.3536	11873.3539	11519.7287	12049.4373	10205.4274	10120.8675	8190.6723	10634.3175	11486.5627	8600.0317	9470.8939	10133.3144	12896.9912	12519.5283	11816.9833	12643.2905	12370.0063	11463.1855
PWY-5941	glycogen degradation II (eukaryotic)	2915.8188	5240.9220000000005	3635.1512	3297.3245	2412.2373	3362.6609	2237.8453	2675.9544	2533.8502	2878.1675	2972.0539	2683.3476	3652.9975	3870.0526	3873.4236	3726.705	6521.8977	2568.6204
PWY-5971	palmitate biosynthesis II (bacteria and plants)	15734.0252	16568.1291	21372.1459	18193.4188	20568.8788	18496.5079	13080.2511	15919.4161	17058.5265	13437.6791	16537.2486	16178.9289	19551.4268	20331.2296	18384.6268	19679.0648	19316.4438	18968.0555
PWY-5973	cis-vaccenate biosynthesis	24129.47	24025.6548	31000.6165	29232.6099	30814.6713	28686.7893	20155.2447	25141.0724	26943.9922	21607.5095	23792.5089	25305.1528	27292.3772	30332.7482	27966.0532	27507.8993	29034.9796	27531.5184
PWY-5989	stearate biosynthesis II (bacteria and plants)	20971.0758	17504.2801	24907.8729	23208.8415	26631.8252	23228.0601	15248.2518	18104.3922	22091.5525	18667.5209	18809.2626	18475.0946	22279.203999999998	26349.3262	22296.9499	21978.4888	23562.165	22645.3904
PWY-6071	superpathway of phenylethylamine degradation	1511.3496	1830.5488	1730.751	1859.0803	1747.9149	1875.4755	1516.93	2240.8542	1870.3566	1829.7963	1859.8213	2106.9793	1670.3589	1683.6998	1854.6354	1860.7177	2183.9822	1992.8188
PWY-6107	chlorosalicylate degradation	1351.4035	1405.3228	1688.8852	1550.3522	1466.5845	1507.2602	870.2066	1302.2661	2083.6205	1361.1327	1388.9707	1314.43	1398.3386	1701.3048	1350.2774	2142.8975	1518.8527	1367.6078
PWY-6121	5-aminoimidazole ribonucleotide biosynthesis I	18198.0493	19520.9643	22153.0728	21842.5554	21714.8698	21336.1933	15062.8473	18821.7356	20435.385	16068.8657	17642.8917	18753.2046	22116.6417	23751.3933	21376.535	21808.2237	22504.2717	21111.8841
PWY-6122	5-aminoimidazole ribonucleotide biosynthesis II	17703.8624	19357.5928	21565.3431	21283.2857	20826.5182	20696.0175	14876.4327	18414.931	19968.4561	15681.0991	17304.8873	18468.3825	21625.5373	23053.057	20975.0675	21474.7064	22000.4644	20624.1358
PWY-6123	inosine-5'-phosphate biosynthesis I	15547.9087	16669.0547	18974.7199	18382.3971	18557.7193	18185.8541	12943.1926	15920.508999999998	17455.5167	13618.6033	15051.6987	15954.788	18802.3381	20344.6597	18330.9696	18586.7024	19224.1969	17993.1676
PWY-6125	superpathway of guanosine nucleotides de novo biosynthesis II	18346.0369	19972.9267	22509.6924	21838.82	21651.6599	21513.2339	15173.5578	18830.0868	20732.3489	16106.1676	17807.0969	18691.5339	22417.6812	24095.9271	21727.735	22263.185	22858.1569	21338.1304
PWY-6126	superpathway of adenosine nucleotides de novo biosynthesis II	18904.8019	20337.5943	22983.8365	22334.0232	22606.278	22159.5589	15655.1602	19327.3816	21218.0237	16553.5058	18271.3316	19353.9119	23047.4178	24814.1461	22305.2998	22645.8677	23428.4428	21823.9382
PWY-6147	6-hydroxymethyl-dihydropterin diphosphate biosynthesis I	15463.8275	16718.511000000002	18678.4213	18218.1244	18149.8111	18161.0273	13178.8621	16100.5578	17324.4977	13747.2197	15231.413	16293.8079	18827.7858	20505.3789	18446.811	18971.6384	19568.226000000002	18077.093999999997
PWY-6151	S-adenosyl-L-methionine cycle I	9623.3433	8617.3906	10551.5786	11237.6439	12084.9059	11190.3455	7110.3133	8200.8694	9673.8122	7928.7196	8331.1917	9310.4627	9893.9726	11765.4007	9622.6285	10142.38	10743.2069	9720.4097
PWY-6163	chorismate biosynthesis from 3-dehydroquinate	16247.0868	17350.4928	19897.3287	19177.8671	19333.5577	18660.3915	13449.901000000002	16883.0421	18515.1471	14481.7851	15852.2191	16784.2018	19594.7769	21134.1752	19161.8113	19668.8339	20250.7551	18827.7987
PWY-6165	chorismate biosynthesis II (archaea)	0.0	0.0	4.5876	0.0	3.8988	0.0	0.0	0.0	0.0	0.0	0.0	0.0	0.0	0.0	0.0	2.5261	0.0	0.0
PWY-6167	flavin biosynthesis II (archaea)	0.0	0.0	0.0	0.0	0.0	0.0	0.0	0.0	0.0	0.0	0.0	14.5073	0.0	0.0	0.0	10.9713	0.0	0.0
PWY-6174	mevalonate pathway II (archaea)	310.36	418.3572	170.1149	428.1778	291.1828	221.5296	270.7907	472.7195	288.1204	432.1003	353.2393	367.9884	877.5456	276.5939	471.3205	372.6826	509.9995	423.7547
PWY-6182	superpathway of salicylate degradation	1551.1568	1643.0592	1887.0142	2689.31	2243.2039	2529.6572	1327.7953	1783.3832	2036.2333	1719.0369	1742.6244	1932.8229	1942.7956	2561.3715	1722.4116	1644.9677	2134.3488	1751.6597
PWY-6185	4-methylcatechol degradation (ortho cleavage)	1287.3879	1357.5325	1537.0910000000001	1245.4063	1499.9889	1487.7241	1144.4418	1520.1288	1182.7131	1472.4554	1471.2554	1676.9067	1129.7935	1361.487	1457.7587	1313.5977	1439.0615	1465.2767
PWY-621	sucrose degradation III (sucrose invertase)	6825.7554	5409.4057	7811.209	8179.2965	9577.1073	9188.7324	4484.4234	4206.7029	6664.4594	4956.9674	5489.3069	6363.1832	7368.9903	8741.8013	6396.0375	6444.6386	7903.7085	5974.5788
PWY-6210	2-aminophenol degradation	650.2409	720.4034	753.4776	608.3501	642.1586	427.9059	362.6063	623.0034	492.8596	642.9324	622.0591	617.7976	667.9961	554.1648	775.1828	817.857	761.8306	719.4414
PWY-622	starch biosynthesis	23.9451	0.0	118.8164	0.0	0.0	0.0	0.0	106.5861	0.0	0.0	0.0	83.3345	0.0	0.0	47.7913	118.7185	0.0	0.0
PWY-6263	superpathway of menaquinol-8 biosynthesis II	2939.7373	3840.8844	3543.07	3843.3157	1507.0991	3018.2959	2776.4017	4193.9638	5956.9012	3508.0099	3213.3511	3648.3597	4316.6245	3681.4429999999998	4103.0363	5092.6825	3941.6927	3682.9942
PWY-6269	adenosylcobalamin salvage from cobinamide II	8815.6474	8700.8073	11700.6422	11501.921999999999	11479.9579	11219.4362	6130.3689	7283.6175	9751.7017	7388.8481	7754.0396	8335.4397	9549.3674	10799.8747	8949.455	9533.1972	10006.9331	9261.657
PWY-6277	superpathway of 5-aminoimidazole ribonucleotide biosynthesis	17703.8624	19357.5928	21565.3431	21283.2857	20826.5182	20696.0175	14876.4327	18414.931	19968.4561	15681.0991	17304.8873	18468.3825	21625.5373	23053.057	20975.0675	21474.7064	22000.4644	20624.1358
PWY-6282	palmitoleate biosynthesis I (from (5Z)-dodec-5-enoate)	19512.9975	16373.8047	23420.6258	21759.2607	25024.2409	21767.2094	14399.0818	17110.051	20614.1346	17424.6136	17649.9354	17485.782	20714.6926	24479.912999999997	20868.1772	20446.7072	21958.3825	21151.0555
PWY-6317	galactose degradation I (Leloir pathway)	9812.8331	13212.5109	12831.8731	12823.3895	10023.8799	10886.2303	8477.2265	10226.6443	12894.04	9191.8063	9527.6276	10715.6414	13908.5099	13363.811000000002	12118.8634	13164.671	13199.6474	11539.533000000001
PWY-6338	superpathway of vanillin and vanillate degradation	1605.7631	1326.0169	1958.5993	1330.7286	1066.1247	1225.1592	884.6342	1487.155	2802.8876	1674.5806	1465.3331	1374.0647	1749.0633	1940.9831	1610.4955	2537.4654	1833.5044	1600.6528
PWY-6339	syringate degradation	4733.482	3872.4656	5184.0843	5095.3473	5185.3966	4711.9904	2488.6038	3393.1155	5255.2705	3769.2247	3976.3967	3421.9432	5106.6144	5852.1717	4387.3763	5270.3935	5414.351	4739.7265
PWY-6349	CDP-archaeol biosynthesis	0.0	0.0	0.0	0.0	0.0	0.0	0.0	0.0	0.0	0.0	0.0	15.2555	0.0	0.0	0.0	11.7181	0.0	0.0
PWY-6350	archaetidylinositol biosynthesis	0.0	0.0	0.0	0.0	0.0	0.0	0.0	0.0	0.0	0.0	0.0	9.7618	0.0	0.0	0.0	7.4109	0.0	0.0
PWY-6353	purine nucleotides degradation II (aerobic)	16212.1945	18485.5322	20147.3912	20114.9234	19291.3231	18367.4331	12796.5738	17039.7907	18804.1386	14554.2802	15156.3926	15876.4649	20217.8697	21172.91	18453.6853	19544.9742	20233.0642	18731.6604
PWY-6383	mono-trans, poly-cis decaprenyl phosphate biosynthesis	5158.0136	8466.7233	6662.3842	6483.3435	3973.2093	5566.9574	4462.1989	6713.6023	7772.2095	5258.8208	5677.4682	5398.4867	8473.4699	7831.2189	7478.0469	8490.4816	7880.1743	7208.3386
PWY-6385	peptidoglycan biosynthesis III (mycobacteria)	15676.1998	16995.1741	19206.5945	18834.1332	18710.6317	18394.9347	13135.9946	16159.9708	17758.2756	13907.5902	15187.2277	16111.6725	19243.5247	20770.9659	18533.9167	18861.199	19565.7461	18208.7523
PWY-6386	UDP-N-acetylmuramoyl-pentapeptide biosynthesis II (lysine-containing)	15755.3341	17027.8114	19287.0716	18963.0219	18783.7434	18437.3048	13173.2013	16220.5928	17840.0229	13961.8321	15214.4065	16145.8214	19291.6757	20829.0351	18541.4429	18929.49	19643.7366	18262.486
PWY-6387	UDP-N-acetylmuramoyl-pentapeptide biosynthesis I (meso-diaminopimelate containing)	16219.541000000001	17579.4815	19794.8185	19309.8003	19204.3999	18951.6343	13633.0516	16699.5995	18352.2083	14303.5294	15772.9771	16704.7024	19809.5891	21348.6092	19208.1991	19527.7343	20200.2444	18907.8904
PWY-6396	superpathway of 2,3-butanediol biosynthesis	1100.4564	1067.4944	1027.4867	1377.5551	649.8587	991.7597	940.543	1233.1348	1121.8607	1255.2928	1106.04	1233.5144	1036.0792	1140.9466	1081.1059	1222.6849	1404.1669	932.4152
PWY-6397	mycolyl-arabinogalactan-peptidoglycan complex biosynthesis	160.5048	187.7667	197.9953	112.8635	39.128	74.3264	145.705	164.1053	165.1933	130.4053	79.8157	185.7007	191.5366	48.478	209.2383	157.5366	99.0965	137.817
PWY-6404	superpathway of mycolyl-arabinogalactan-peptidoglycan complex biosynthesis	530.9351	617.0786	625.0948	380.9267	123.5856	210.7113	448.7596	523.7789	542.1256	424.75	254.5169	568.2564	548.4865	0.0	706.8486	411.2169	316.7027	423.03
PWY-6467	Kdo transfer to lipid IVA III (Chlamydia)	10578.87	8530.5	12651.81	11773.43	14522.32	12340.89	7181.07	8825.3	10525.89	8557.48	9036.4	9318.67	10733.08	13218.37	11089.25	10670.88	11197.51	11395.41
PWY-6470	peptidoglycan biosynthesis V (&beta;-lactam resistance)	826.6135	1481.3944	806.5228	977.8057	492.2648	1494.2639	863.9451	856.5522	777.7803	646.9336	1322.4543	1077.3605	1112.8107	817.4903	1349.8343	986.7864	411.4983	1213.5326
PWY-6471	peptidoglycan biosynthesis IV (Enterococcus faecium)	921.9379	1637.703	890.1166	1127.3347	534.5872	1886.7852	1007.5949	955.4433	856.1019	708.0184	1556.4279	1221.682	1210.5912	903.1861	1507.0746	1082.9141	431.0745	1376.2161
PWY-6478	GDP-D-glycero-&alpha;-D-manno-heptose biosynthesis	674.9401	903.8253	644.2568	1154.4615	1087.1671	686.5181	930.55	986.9899	1030.6246	827.4599	776.3554	1023.3379	1590.7032	1189.6175	1152.4217	949.4336	962.2635	845.23
PWY-6505	L-tryptophan degradation XII (Geobacillus)	1324.4744	1506.1563	1708.0822	1340.9327	1338.8703	978.5939	807.143	1377.6523	1195.6148	1357.8695	1303.9229	1289.8442	1486.4252	1261.9317	1635.3146	1715.7206	1645.7907	1579.4342
PWY-6507	4-deoxy-L-threo-hex-4-enopyranuronate degradation	4032.3335	3708.0925	6097.7224	6419.6189	6515.3578	5456.023	2752.7589	3398.2413	4503.9285	3767.3457	3969.5427	3752.8471	3771.1346	5232.4319	3922.1892	4244.3781	4802.1548	4116.5363
PWY-6519	8-amino-7-oxononanoate biosynthesis I	15961.7671	12964.2205	18139.2491	17884.1095	20742.4918	18227.2616	10728.7058	12040.7867	15389.1624	12950.0632	13414.5679	13431.822	16323.47	19441.1547	15989.3253	15970.3125	17332.5624	16400.7048
PWY-6545	pyrimidine deoxyribonucleotides de novo biosynthesis III	8058.2255	11588.4069	10464.9796	10097.3235	6962.5164	8660.7742	8549.7613	10188.6607	11673.7421	7815.34	9516.876	9996.1727	13402.7603	13316.6999	12099.8923	12990.0735	13144.6472	10998.7852
PWY-6562	norspermidine biosynthesis	372.6403	325.857	751.8157	438.4373	880.5269999999999	604.3448	360.916	507.1857	296.6939	541.7158	485.5396	413.3991	264.0116	280.1307	282.9608	445.5117	542.0426	491.27099999999996
PWY-6588	pyruvate fermentation to acetone	1505.6604	2291.6755	1230.7834	2385.2863	1173.6958	1714.2479999999998	1875.2683	2017.7156	1623.2065	1337.0717	1624.5516	2165.3066	1705.3844	1334.4094	2049.5385	2025.5204	1849.1169	1965.1904
PWY-6590	superpathway of Clostridium acetobutylicum acidogenic fermentation	592.529	808.1934	358.1024	466.6593	262.7691	454.8136	1350.7907	628.557	919.0519	737.9014	472.3421	1848.1112	264.6843	126.5119	353.277	204.2394	271.0184	479.6427
PWY-6608	guanosine nucleotides degradation III	14725.9585	16848.2876	18643.9728	18524.1065	18636.5756	16591.7286	11686.7408	15739.2012	16995.9197	13326.042	13698.002	14434.2709	18173.7797	18982.1424	16685.5925	17534.5589	18171.7222	17124.881
PWY-6609	adenine and adenosine salvage III	10655.6881	13016.9683	13391.3889	13467.4014	12269.0383	12063.8835	8928.9479	12243.7562	12989.083999999999	9958.619	10264.4994	10970.0553	13912.7614	14202.9358	12726.7771	13403.4863	13620.8643	12795.368
PWY-6612	superpathway of tetrahydrofolate biosynthesis	14576.1897	15262.1847	17931.8779	17305.5762	17736.952	17270.2814	11693.6713	14392.1579	15718.1598	12751.9477	13819.9758	14708.4379	16821.5796	18531.1158	16679.1001	16871.1811	17594.2819	16607.4621
PWY-6628	superpathway of L-phenylalanine biosynthesis	15960.8545	16000.0625	19017.8927	18779.0281	19451.8112	18492.4248	12015.7655	14629.8771	16806.4118	13678.1909	14623.1094	15429.726	18516.032	20470.0046	17670.4	18278.5361	19289.0207	17546.1944
PWY-6629	superpathway of L-tryptophan biosynthesis	0.0	0.0	7.1977	0.0	5.9984	3.5994	4.7985	9.5952	0.0	0.0	14.3887	0.0	0.0	14.3915	0.0	4.7989999999999995	0.0	0.0
PWY-6630	superpathway of L-tyrosine biosynthesis	15862.903999999999	15885.378999999999	18810.8715	18629.9213	19261.8067	18343.5391	11834.9348	14412.1719	16578.3657	13449.6775	14400.3191	15174.6429	18292.915	20214.3349	17467.2085	18073.4064	18918.1937	17366.6212
PWY-6641	superpathway of sulfolactate degradation	144.407	144.9431	102.8423	0.0	43.2396	179.3275	170.575	213.8773	180.7361	142.6525	154.1669	305.7873	113.5279	97.1337	162.1523	117.4777	210.3104	54.3413
PWY-6654	phosphopantothenate biosynthesis III	0.0	0.0	0.0	0.0	0.0	0.0	0.0	0.0	0.0	0.0	0.0	7.9981	0.0	0.0	0.0	5.9991	0.0	0.0
PWY-6690	cinnamate and 3-hydroxycinnamate degradation to 2-oxopent-4-enoate	183.6844	229.2243	286.486	115.3713	53.2929	193.9552	104.3475	251.3046	135.8961	107.9472	117.304	201.9172	266.1427	6.3777	283.1289	285.9273	232.5654	259.3579
PWY-6700	queuosine biosynthesis	12056.9755	10172.8603	14288.0076	13705.2294	15808.4451	14482.8932	9804.3912	11035.4071	12493.8338	10350.789	11047.4431	11975.2949	12682.3485	15014.9373	13037.7735	12707.528	13572.816	12867.1589
PWY-6703	preQ0 biosynthesis	11539.8319	10343.325	13646.68	13512.4691	15326.5033	14225.7531	9727.2367	10666.5922	12070.0093	9974.9769	10968.5738	12072.5618	12784.5492	14786.0412	12934.6519	12512.0677	13548.892	12625.8694
PWY-6708	ubiquinol-8 biosynthesis (prokaryotic)	15973.5268	14200.2667	18059.5983	18377.0046	20890.509	18688.7414	11009.8178	12819.8666	15605.6606	12432.3944	13880.5187	14168.3258	16689.3427	19311.9156	16377.8129	16856.1558	17899.6206	16404.9359
PWY-6713	L-rhamnose degradation II	0.0	0.0	1.4933	0.0	1.2455	0.7479	0.9915	1.9599	0.0	0.0	2.9437	0.0	0.0	2.9662	0.0	0.9949	0.0	0.0
PWY-6728	methylaspartate cycle	2665.9990000000003	4304.7939	3696.3740000000003	3042.7439	2422.0787	3434.9803	1915.2607	2491.3478	1725.2971	2285.2486	2723.9963	2273.4138	3161.8349	3160.2249	3541.8256	3747.6497	3974.1503	2743.3666
PWY-6731	starch degradation III	347.1545	303.3436	340.4201	410.3313	385.6569	768.3413	225.2692	321.2976	406.1409	245.5909	547.342	492.6834	234.4397	376.3339	234.4215	637.7121	233.0308	211.8255
PWY-6737	starch degradation V	11474.0645	12759.8955	12792.4136	13084.5891	12611.1327	12627.101	10036.4363	11008.3189	12689.4888	10097.7677	11038.7233	11732.9591	14518.5983	15306.5715	13430.8376	14169.6543	14260.8653	12806.9758
PWY-6749	CMP-legionaminate biosynthesis I	807.3881	623.9602	556.5673	675.265	725.2126	755.3387	565.5893	534.504	816.2435	884.0756	780.7646	775.8858	601.3442	854.8658	987.5636	1376.1991	806.1195	778.5751
PWY-6876	isopropanol biosynthesis	1505.6604	2291.6755	1230.7834	2385.2863	1173.6958	1714.2479999999998	1875.2683	2017.7156	1623.2065	1337.0717	1624.5516	2165.3066	1705.3844	1334.4094	2049.5385	2025.5204	1849.1169	1965.1904
PWY-6891	thiazole biosynthesis II (Bacillus)	433.8657	409.1428	430.3086	1406.1656	177.2481	382.9414	1309.1861	952.8805	778.8718	872.8106	361.759	1513.4058	205.0298	64.672	202.5896	159.0111	167.1068	296.8715
PWY-6892	thiazole biosynthesis I (E. coli)	760.4161	1357.71	2811.591	1067.8156	623.1641	848.9239	1073.0698	1866.6753	2910.0404	1973.1703	1089.6645	1148.6901	1457.8547	1620.9505	1355.3905	1288.2813	1384.297	1828.7078
PWY-6895	superpathway of thiamin diphosphate biosynthesis II	1944.6321	1861.3329999999999	1973.0343	5343.8418	852.4674	1764.2227	4599.5919	3815.2237	3302.5258	3450.0732	1645.5120000000002	5411.5424	981.3118	319.1692	968.888	768.1581	806.5823	1389.9746
PWY-6897	thiamin salvage II	15677.1112	17030.5999	19603.0831	18434.2647	18768.4737	18667.5226	12687.1575	15723.5652	17920.4998	13623.3451	15026.5086	15661.456	19110.3747	20588.3551	18431.6553	18745.4456	19356.6711	18129.7226
PWY-6901	superpathway of glucose and xylose degradation	7524.4638	8392.3796	8741.5525	10039.8297	8823.8222	8829.6729	7871.5924	8520.1508	8759.9282	7547.9697	7736.0526	9530.8099	9014.9787	9364.2637	9246.7278	9471.5764	9293.0982	8745.1505
PWY-6906	chitin derivatives degradation	29.8065	0.0	0.0	0.0	0.0	0.0	63.021	0.0	0.0	34.6095	0.0	49.2685	133.1303	0.0	61.1607	0.0	24.8664	29.7481
PWY-6919	neopentalenoketolactone and pentalenate biosynthesis	0.0	0.0	58.4571	0.0	0.0	0.0	0.0	0.0	0.0	64.7414	0.0	0.0	0.0	0.0	69.0667	41.25899999999999	23.5956	0.0
PWY-6942	dTDP-D-desosamine biosynthesis	0.0	0.0	0.0	0.0	0.0	0.0	0.0	50.3896	37.3469	0.0	0.0	81.9299	38.2565	0.0	0.0	0.0	0.0	0.0
PWY-6944	androstenedione degradation	341.0765	158.8377	282.4719	315.2285	698.5142	346.5231	181.958	429.7735	86.331	339.569	381.6492	287.7209	231.7127	28.2113	457.8928	266.0977	303.6738	347.1062
PWY-6948	sitosterol degradation to androstenedione	101.3909	110.9296	96.8143	72.5668	18.8228	25.2334	65.9091	89.5847	98.5734	72.0436	41.8827	81.9909	66.569	0.0	148.2864	41.946000000000005	52.1058	61.7393
PWY-6957	mandelate degradation to acetyl-CoA	359.1834	342.2676	511.0801	582.7341	581.513	454.0749	294.6533	543.5939	316.0892	428.1763	442.5041	574.905	299.3188	360.3898	319.3273	457.2348	595.4185	419.9474
PWY-6969	TCA cycle V (2-oxoglutarate:ferredoxin oxidoreductase)	22976.6707	25298.1413	27941.6685	27108.457000000002	26297.6937	26619.1711	18470.6499	23012.0884	26113.4845	19935.2181	21776.3113	22841.6012	27988.9184	29709.6853	26765.6095	27956.4457	28308.7658	26375.0451
PWY-6992	1,5-anhydrofructose degradation	1427.4582	1296.2466	2393.8642	2239.268	2495.0955	2070.4206	817.5214	1214.9177	1242.3653	1223.6388	1644.1457	1355.3310000000001	1150.8538	1957.9013	1103.5042	1688.2468	2088.9425	1471.7899
PWY-7003	glycerol degradation to butanol	705.1228	1051.1753	1148.2365	1123.2532	516.4337	865.8307	2370.6319	1594.1291	1708.5174	1769.7499	1189.6882	2879.0	606.9864	246.7674	798.8262	467.6135	716.2652	857.0257
PWY-7007	methyl ketone biosynthesis	5325.5676	9313.7103	6686.2577	6480.3434	4450.6479	5955.2239	4311.0737	6457.3361	6326.3595	4687.7209	5569.9448	5537.85	8588.5737	8043.5958	7375.7517	8033.683000000001	8293.9111	6971.5256
PWY-7013	L-1,2-propanediol degradation	219.3868	0.0	0.0	0.0	0.0	47.9753	0.0	0.0	0.0	0.0	0.0	0.0	0.0	0.0	0.0	0.0	0.0	0.0
PWY-7046	4-coumarate degradation (anaerobic)	150.0297	293.0068	201.7463	221.4071	130.2854	246.4692	137.1141	189.5814	150.9486	144.6957	240.3267	192.8663	184.2558	174.351	257.5266	188.227	141.9481	218.6254
PWY-7090	UDP-2,3-diacetamido-2,3-dideoxy-&alpha;-D-mannuronate biosynthesis	2650.3911	2053.7532	2573.8932	2972.7988	3406.2827	2837.1919	1861.1728	1820.7944	2098.1403	2116.9737	2057.5562	1728.2583	2716.5621	2756.3405	2506.769	2351.8992	2646.0637	2569.8975
PWY-7094	fatty acid salvage	29951.9736	32389.0391	35225.1308	34488.1765	34295.1775	35454.5741	20836.265	27815.2458	33194.8322	25429.9977	26781.5654	26705.3122	35291.1231	37717.4219	33276.6269	36230.5276	35729.4835	32992.643
PWY-7097	vanillin and vanillate degradation I	1605.7631	1326.0169	1958.5993	1330.7286	1066.1247	1225.1592	884.6342	1487.155	2802.8876	1674.5806	1465.3331	1374.0647	1749.0633	1940.9831	1610.4955	2537.4654	1833.5044	1600.6528
PWY-7098	vanillin and vanillate degradation II	1758.9466	1452.4489999999998	2132.2116	1464.0095	1182.0566	1353.5566	969.5497	1623.2291	2998.578	1818.7165	1603.1106	1506.8120000000001	1907.4911	2122.2154	1759.7582	2747.9388	2010.4513	1752.1067
PWY-7111	pyruvate fermentation to isobutanol (engineered)	37779.7851	38996.3243	44780.6445	44185.0053	44918.2211	43227.1321	28027.7814	33002.3646	37608.6388	30462.9016	34569.8685	34969.6227	41697.3406	46052.7401	39907.5717	42935.7047	45233.8397	39528.2533
PWY-7159	chlorophyllide a biosynthesis III (aerobic, light independent)	2600.8312	1240.9135	2094.0521	1899.2283	2892.2214	1819.7883	2970.6252	2731.3516	2469.1449	1785.6983	3067.4379	2946.2802	4154.5354	4524.8024	2868.5014	2599.5318	4393.7889	2691.3416
PWY-7184	pyrimidine deoxyribonucleotides de novo biosynthesis I	16876.8401	17836.7234	20536.6372	19890.7874	20603.987	20030.5811	13215.1431	16487.8002	17990.588	14597.5555	15837.9986	16580.324	19517.6588	21491.3345	19230.1787	19531.868000000002	20518.2259	19068.3987
PWY-7187	pyrimidine deoxyribonucleotides de novo biosynthesis II	4582.6216	5867.9023	5504.3015	8720.6438	6439.2968	8268.5177	3394.2222	5267.7843	6643.0462	4844.9165	4897.4776	4878.9056	7078.266	8047.2157	5403.7289	5067.420999999999	6844.2369	5954.0869
PWY-7196	superpathway of pyrimidine ribonucleosides salvage	11200.6046	12802.8481	14309.6966	13654.1118	12701.5297	13599.0711	9806.4773	12207.0916	14449.395	10667.0552	11010.0352	12310.4213	14768.6125	15301.723999999998	13518.3049	13750.1783	14510.1114	13145.7005
PWY-7197	pyrimidine deoxyribonucleotide phosphorylation	15615.3609	17025.7643	18973.6497	18469.9673	18448.4927	18289.4144	12989.6838	15895.8535	17247.0775	13506.0389	15159.111	16020.7794	19073.2	20308.4456	18461.9448	18850.2522	19481.4889	18126.342
PWY-7198	pyrimidine deoxyribonucleotides de novo biosynthesis IV	0.0	0.0	34.9574	0.0	0.0	0.0	0.0	0.0	0.0	0.0	0.0	0.0	0.0	0.0	0.0	0.0	0.0	0.0
PWY-7199	pyrimidine deoxyribonucleosides salvage	10841.9911	12292.9697	13830.7211	13506.2028	13139.6714	12971.8974	7757.7994	10676.9811	12404.7459	9561.7471	9725.0642	10098.1128	13093.3999	14286.5361	11788.4055	12797.8185	13200.9501	12104.1404
PWY-7200	superpathway of pyrimidine deoxyribonucleoside salvage	12050.1323	13792.0259	15240.9616	14833.7675	14282.339	14398.9246	9446.855	12471.9526	14008.8677	10783.2395	11460.9345	12067.094	14985.9098	16071.469	13902.6851	14715.7893	15158.0603	13954.2973
PWY-7208	superpathway of pyrimidine nucleobases salvage	19211.8564	20939.5456	23769.1378	23033.5957	22970.4284	22541.9452	16191.7009	20294.277	22283.9739	17231.8214	18781.2519	19967.3914	23982.3717	25771.8504	23068.1241	23411.2433	24289.1643	22630.5068
PWY-7209	superpathway of pyrimidine ribonucleosides degradation	0.0	0.0	0.0	0.0	0.0	0.0	0.0	0.0	0.0	0.0	0.0	0.0	0.0	0.0	0.0	0.0	9.9863	0.0
PWY-7210	pyrimidine deoxyribonucleotides biosynthesis from CTP	0.0	0.0	49.9099	0.0	0.0	0.0	0.0	0.0	0.0	0.0	24.9718	0.0	0.0	0.0	0.0	0.0	0.0	0.0
PWY-7211	superpathway of pyrimidine deoxyribonucleotides de novo biosynthesis	17332.049	18395.9004	21221.9674	20566.7558	21068.3239	20463.1351	13922.6011	17351.0614	19001.6135	15095.4767	16547.6166	17329.9774	20556.3517	22474.5228	20072.3214	20411.7951	21340.9933	19831.9718
PWY-7219	adenosine ribonucleotides de novo biosynthesis	18958.0964	20541.4885	23016.7416	22303.0862	22570.5171	22144.7552	15799.4153	19516.2225	21250.2263	16563.1499	18439.5721	19524.3614	23140.9306	24754.3008	22458.8899	22602.2987	23382.5749	21905.147999999997
PWY-722	nicotinate degradation I	412.8543	380.1971	721.3622	766.5803	921.3115	737.6311	174.8777	220.0266	312.6225	249.7916	430.3192	332.6057	334.2583	570.8458	276.8956	344.7188	551.8924	368.4467
PWY-7220	adenosine deoxyribonucleotides de novo biosynthesis II	18984.2278	20299.7405	23066.8141	22526.1881	22772.743	22326.3205	15665.5051	19425.4948	21421.2865	16674.8205	18301.8781	19382.3324	23220.6419	25071.7828	22342.7039	22950.2347	23736.4792	21915.9104
PWY-7221	guanosine ribonucleotides de novo biosynthesis	17898.9423	19824.6925	22142.5426	21370.3445	20945.9965	20962.0853	14829.795	18448.4603	20259.1698	15706.5397	17471.8936	18217.9547	21906.0536	23465.9682	21301.0191	21858.3426	22349.1517	20940.2288
PWY-7222	guanosine deoxyribonucleotides de novo biosynthesis II	18984.2278	20299.7405	23066.8141	22526.1881	22772.743	22326.3205	15665.5051	19425.4948	21421.2865	16674.8205	18301.8781	19382.3324	23220.6419	25071.7828	22342.7039	22950.2347	23736.4792	21915.9104
PWY-7228	superpathway of guanosine nucleotides de novo biosynthesis I	18967.374	20746.5816	23296.867000000002	22622.174	22370.3967	22246.5436	15665.5875	19476.2672	21454.9575	16654.3193	18429.5246	19298.5685	23223.3254	24941.3904	22472.5281	23108.8079	23707.6237	22067.2994
PWY-7229	superpathway of adenosine nucleotides de novo biosynthesis I	19665.2869	21207.4075	23892.0014	23229.1581	23514.9906	23041.0924	16268.3997	20067.4786	22064.7262	17213.9222	18998.0631	20128.3669	23972.2621	25801.4489	23197.3223	23526.2456	24340.7883	22663.9594
PWY-7234	inosine-5'-phosphate biosynthesis III	15169.7174	16136.8882	18629.8466	18010.4287	18265.0159	17616.9732	12467.6718	15457.641000000001	17036.7067	13209.2805	14662.7348	15417.4645	18358.2847	19902.3283	17778.1874	18140.9359	18803.932	17498.5914
PWY-7237	myo-, chiro- and scillo-inositol degradation	6191.0	7772.25	7602.0	8975.66	7405.5	7356.5	4313.58	6778.25	8512.0	6160.66	6261.75	6680.75	7808.25	8854.25	6683.0	9481.5	9203.35	6706.5
PWY-7242	D-fructuronate degradation	7827.4208	8037.4134	10617.694	10537.2402	10038.2498	9196.8977	5084.2732	6648.0943	8300.3467	6636.5151	6829.3566	6670.5966	7363.254	8414.6033	7339.4974	7959.8077	8457.8913	7623.6759999999995
PWY-7254	TCA cycle VII (acetate-producers)	3459.2121	4158.1809	6701.2542	5013.0425	4877.5302	3996.2329999999997	4137.8659	7587.0267	7204.7653	6609.9145	4033.4464	6696.1207	5299.5581	5188.8197	5218.2703	4322.6634	5010.2187	5379.8127
PWY-7255	ergothioneine biosynthesis I (bacteria)	4775.9127	7511.3491	6311.5157	6087.5317	3923.7659	5177.0633	4064.6197	5778.785	6641.262	4517.1587	5070.6338	4791.6982	7707.7748	7501.9149	6666.4385	7854.8845	7376.5716	6425.0747
PWY-7295	L-arabinose degradation IV	3153.7384	2294.0648	3678.7041	3917.4823	4414.8349	4096.5087	1388.2934	1448.1197	2706.9954	2118.1885	1967.0586	1858.4045	2971.8494	3612.3049	2365.4424	2438.9768	2978.1946	2591.5734
PWY-7315	dTDP-N-acetylthomosamine biosynthesis	893.1538	532.5063	829.2575	591.3483	1027.0385	784.3316	2260.7062	1412.3646	1768.6571	1220.796	1629.6201	2181.1234	2275.3855	2263.2463	2103.1962	1597.6386	2467.3482	1220.1492
PWY-7316	dTDP-N-acetylviosamine biosynthesis	101.6857	55.9184	0.0	45.9485	0.0	77.8427	81.7535	79.8298	224.7373	171.0361	105.6601	117.5859	125.6442	89.8271	165.3302	137.5482	107.7354	149.4472
PWY-7323	superpathway of GDP-mannose-derived O-antigen building blocks biosynthesis	13050.7511	13372.8252	15275.2814	14827.0543	15278.0956	15159.2243	11225.933	13072.5246	14238.7567	11429.9564	13116.168	14002.1426	15421.9372	16813.6218	15901.4612	15523.2213	15939.4486	14956.0367
PWY-7328	superpathway of UDP-glucose-derived O-antigen building blocks biosynthesis	9722.5559	10305.7897	11758.6735	11641.1587	11813.2538	11694.4928	7901.4137	9022.6603	9410.2094	8053.2945	9254.9737	9591.2467	11066.0378	11991.0826	11195.5569	11602.0278	11578.5179	10792.1514
PWY-7332	superpathway of UDP-N-acetylglucosamine-derived O-antigen building blocks biosynthesis	955.4038	1178.4257	1761.6262	1153.8635	1140.742	1715.1228	1342.5534	1958.0211	1422.1778	676.1749	1289.2542	1736.8607	1191.0856	1364.8679	1280.9664	1515.6831	1903.5888	1235.961
PWY-7347	sucrose biosynthesis III	56.8833	91.1503	53.1597	25.4803	121.0875	134.4904	76.9532	279.5057	137.3331	24.7217	100.8209	203.9688	119.5334	109.1654	181.0693	152.1788	83.0367	65.8355
PWY-7371	1,4-dihydroxy-6-naphthoate biosynthesis II	1166.2334	1558.566	1398.739	1534.2909	527.4675	1182.9660000000001	1086.9366	1753.3662	2748.0687	1467.0986	1299.1494	1468.4844	1735.1119	1426.2464	1682.4475	2169.6255	1567.3082	1460.6773
PWY-7373	superpathway of demethylmenaquinol-6 biosynthesis II	0.0	0.0	0.0	39.2329	37.8474	0.0	110.8236	0.0	0.0	0.0	0.0	0.0	0.0	0.0	0.0	0.0	0.0	0.0
PWY-7374	1,4-dihydroxy-6-naphthoate biosynthesis I	1301.9343	1782.1846	1564.9847	1718.3141	615.8403	1334.6235	1200.0121	1940.3219	2935.5332	1590.1963	1452.6315	1606.0374	1971.9173	1640.2006	1871.3405	2417.1927	1774.8953	1650.7403
PWY-7376	cob(II)yrinate a,c-diamide biosynthesis II (late cobalt incorporation)	6439.3636	8504.642	8943.9361	8277.3512	7288.0889	7906.414000000001	5538.6325	7015.9034	7510.4775	5771.9009	6843.513000000001	6869.5582	8444.5582	8779.8617	7988.2549	8702.3916	9039.7449	7692.8731
PWY-7377	cob(II)yrinate a,c-diamide biosynthesis I (early cobalt insertion)	268.0278	1095.9425	1095.4693	257.1723	766.1571	853.2491	2150.4984	2406.7258	2503.4721	1353.5136	2899.1301	2990.4333	2665.1926	3477.9276	2565.1787	2476.6512	3807.0865	1695.3089
PWY-7391	isoprene biosynthesis II (engineered)	796.4772	778.679	977.5501	728.2453	340.1114	554.7167	459.4228	986.928	2093.3279	1114.8237	762.7444	771.0944	1087.4145	1238.836	975.4624	1727.4439	842.8038	814.6892
PWY-7392	taxadiene biosynthesis (engineered)	12124.2986	15230.1247	15156.3508	14896.1123	12815.9727	13594.5756	10334.8209	13614.0513	15689.7782	11634.1841	12265.9402	12727.1725	16492.163	17013.9225	15227.2114	16720.3745	16272.0749	14639.6128
PWY-7398	coumarins biosynthesis (engineered)	210.5939	473.2668	330.1297	287.7518	216.9613	308.8293	201.6692	276.0613	218.859	180.4365	311.7216	279.5136	322.2489	279.4975	347.592	320.3602	213.899	318.9275
PWY-7400	L-arginine biosynthesis IV (archaebacteria)	13080.6928	15673.5267	16344.0494	15950.3604	14364.9222	15368.6414	12032.0604	14690.0715	15227.4767	11954.6103	13583.7009	14780.123	16703.2005	17192.995	16366.0959	16888.4591	17155.8579	15669.1022
PWY-7431	aromatic biogenic amine degradation (bacteria)	6948.121	8887.7504	8567.23	8988.064	7170.0464	7983.3943	5033.0476	7133.3447	8169.598000000001	6598.0043	6819.4884	7220.0627	8011.8535	7149.3509	7581.2924	9063.5803	8721.1642	7417.2653
PWY-7446	sulfoglycolysis	0.0	0.0	1.1957	0.0	23.5805	0.5992	0.7881	1.0657	0.0	0.0	2.3381	0.0	0.0	2.3716	0.0	0.7976	0.0	0.0
PWY-7456	mannan degradation	727.3864	1342.588	1919.0341	2278.9044	297.42900000000003	752.1483	698.9842	788.2129	1890.1493	1423.5994	340.1457	1045.3534	1042.5916	803.6472	827.1573	480.7827	497.9534	443.5496
PWY-7527	L-methionine salvage cycle III	659.9916	586.6686	605.2052	1621.3111	335.2201	711.2521	1451.3851	1226.4215	1010.2222	1067.2551	820.2393	1862.3175	337.0131	140.5222	472.4707	454.3435	380.4821	359.3905
PWY-7539	6-hydroxymethyl-dihydropterin diphosphate biosynthesis III (Chlamydia)	15892.8525	17362.2961	19247.7675	18860.8038	18355.8422	18737.6055	13464.8208	16416.6924	17969.4996	14180.4699	15566.3006	16644.8401	19230.5038	20808.2176	18887.9242	19608.8477	19981.4912	18543.0863
PWY-7560	methylerythritol phosphate pathway II	14728.0411	16072.0334	17370.9015	17893.7677	17503.8838	16885.5965	11938.618	14247.6141	16292.8803	12438.2721	14186.5214	14951.7826	17719.2603	19192.1257	16973.4208	18259.1919	18315.0279	16406.0029
PWY-7616	methanol oxidation to carbon dioxide	2304.8186	2877.031	3849.7934	2514.5351	1545.6767	2286.7799	2045.2329	3444.7754	4610.7445	3526.4707	2707.1211	3272.6681	2880.3757	2970.6788	3028.5229	4285.609	3141.6473	3297.9539
PWY-7663	gondoate biosynthesis (anaerobic)	23483.1691	22996.3136	30482.6325	28349.0163	30335.7622	28048.1238	19735.2578	24748.4964	26185.4514	21107.8432	23208.4259	24635.9974	26187.7926	29384.5435	27285.3911	26436.0185	27910.7955	26962.0112
PWY-7664	oleate biosynthesis IV (anaerobic)	19750.5736	16859.9445	23946.428	22241.2454	25390.5349	22230.9433	14812.1408	17713.2813	20997.4144	17654.3991	18074.8704	18051.9056	21070.3212	24749.1314	21341.8002	20861.7008	22363.892000000003	21560.2665
PWY-841	superpathway of purine nucleotides de novo biosynthesis I	18071.6304	19495.9368	22059.0093	21457.3194	21498.1815	21175.6032	14966.1462	18540.9784	20324.9823	15852.1717	17508.8549	18498.8884	21984.5195	23670.3899	21317.9719	21718.1476	22410.4571	20929.2442
PWY-922	mevalonate pathway I	973.5954	955.0782	1216.3183	1078.3109	482.5417	706.305	569.0346	1202.1592	2455.9006	1355.7568	937.5589	998.1735	1327.5283	1498.354	1189.27	1972.1834	1030.7376	1029.5535
PWY0-1061	superpathway of L-alanine biosynthesis	13941.2145	12971.243999999999	15793.9768	15683.0026	16735.3185	16363.2207	10342.4449	12568.3479	16816.4818	12067.2457	13069.9362	13304.7006	16706.9778	18456.6939	15478.5916	16740.4228	17125.9087	14961.6934
PWY0-1241	ADP-L-glycero-&beta;-D-manno-heptose biosynthesis	2577.4414	2333.1492	2595.9343	2480.4598	2553.8132	2648.2623	2336.2439	2384.2399	2409.4951	2186.9031	2562.3696	2937.4861	2264.2779	2501.0677	2988.1882	2714.5605	2458.7659	2613.3407
PWY0-1261	anhydromuropeptides recycling	16339.6915	17590.8046	20323.8708	20697.5985	19794.8253	19848.5294	14168.0644	16512.8646	18864.0542	14554.8563	16032.0494	17882.1039	19811.4933	21794.7496	18579.7828	19337.7053	20927.1301	18087.7608
PWY0-1277	3-phenylpropanoate and 3-(3-hydroxyphenyl)propanoate degradation	619.9515	801.7304	972.8652	424.7095	201.6696	659.8675	372.0496	835.7227	491.5591	389.0573	424.4783	687.4185	897.7355	25.3655	937.6346	958.5316	803.8341	868.6992
PWY0-1296	purine ribonucleosides degradation	5045.3629	4794.5191	6086.6431	7479.678000000001	6827.4909	6948.4624	3784.6761	4543.6511	4985.4957	3947.9874	4143.0502	5571.0343	4798.4284	6128.8743	4043.242	4765.9219	5766.2707	4517.181
PWY0-1297	superpathway of purine deoxyribonucleosides degradation	5501.8535	8125.4017	7868.0894	7208.6989	6442.9945	6653.2113	5969.2537	7446.7007	8240.7705	5808.2034	6374.2038	7416.8045	8657.8727	7259.1173	7814.9022	8254.9088	8803.1177	7394.095
PWY0-1298	superpathway of pyrimidine deoxyribonucleosides degradation	3445.0898	3465.5529	4554.2103	5132.2091	3705.7027	4518.1045	3137.8919	4717.946	5721.5657	3802.3379	3004.4249	4196.4368	4455.7655	4270.396	3981.4698	4260.0177	4242.8279	3907.4926
PWY0-1319	CDP-diacylglycerol biosynthesis II	23336.2154	22712.0169	27072.2374	27349.821	28990.25	27119.2226	17928.9728	21250.7556	23789.3608	19302.1113	21297.8818	22348.3971	26087.0521	29240.9634	25451.5259	26077.3805	27244.6641	25239.8782
PWY0-1338	polymyxin resistance	33.4431	45.646	39.0489	37.2007	61.1919	56.0092	151.7355	205.1662	79.0221	363.6317	100.6462	359.82	25.5552	24.9803	42.0642	37.6123	164.486	55.4799
PWY0-1415	superpathway of heme biosynthesis from uroporphyrinogen-III	8071.4512	10851.5401	10288.1009	10933.6605	7747.5127	8918.9797	7381.5877	9620.6634	10340.0388	7720.727	8523.9994	9146.9424	11718.0903	11180.3952	10662.9605	11476.4416	11130.7259	10310.1393
PWY0-1479	tRNA processing	12807.9187	12658.4499	14809.8953	14997.5672	15875.1185	15174.1189	9961.8054	11419.2803	12993.806	10199.3197	11943.0467	12368.6453	14971.6899	16655.9482	14255.7251	14545.4666	15640.7318	13863.4535
PWY0-1533	methylphosphonate degradation I	3889.9226	3705.7597	5644.7463	4721.2053	4972.8559	4628.6981	3245.4913	3986.535	3175.8519	3210.3503	3819.5041	4089.5306	2852.4084	3593.4462	3884.1556	3922.9305	3923.0926	3834.5075
PWY0-1586	peptidoglycan maturation (meso-diaminopimelate containing)	22695.764	22714.6415	26831.4421	27291.5942	28495.0781	27321.7288	16078.9868	18880.0773	25328.8374	19258.4303	19591.8763	20317.6105	27157.6009	30703.9473	23792.4855	25377.8591	27740.5915	23713.7751
PWY0-162	superpathway of pyrimidine ribonucleotides de novo biosynthesis	18129.6309	19345.1459	22204.5617	21569.3572	21749.0845	21284.7128	15173.3468	18693.5853	20492.3204	15953.5563	17635.5466	18694.2905	22043.6628	23877.247000000003	21462.4696	21749.4218	22543.619	21077.3302
PWY0-166	superpathway of pyrimidine deoxyribonucleotides de novo biosynthesis (E. coli)	15776.7549	16855.6044	19229.1396	18625.2788	19112.7976	18678.7395	12331.8003	15397.5607	16740.5375	13530.7631	14809.1976	15436.0465	18284.4641	20026.5772	18022.8208	18312.7422	19135.0101	17910.4358
PWY0-321	phenylacetate degradation I (aerobic)	2499.0394	2586.5237	2831.7106	2331.9455	2863.9572	2837.5487	2164.3886	2658.1859	2069.617	2657.1304	2682.8209	3063.5652	2052.1957	2482.516	2727.4078	2367.2819	2685.7402	2695.4718
PWY0-41	allantoin degradation IV (anaerobic)	794.9110000000001	770.6316	994.6578	835.6215	605.3218	698.1366	493.3767	894.9534	1158.6819	932.5356	780.4797	828.1109	863.2577	1150.333	857.6771	1351.2092	895.2453	785.1792
PWY0-42	2-methylcitrate cycle I	3913.7929	3425.0832	4254.1759	4796.9045	5564.8924	5478.6901	3021.3911	3603.1065	4284.253	3509.8346	3799.7504	4038.3862	4667.8051	5444.5511	4569.9622	4276.2937	4866.7167	4488.8775
PWY0-781	aspartate superpathway	13829.645	15423.9735	17206.8006	16930.6473	14703.6281	16241.8741	11682.7536	14959.5654	16211.3284	12583.1313	13870.5656	14605.9551	17097.0597	17912.4812	16624.4329	17176.5139	17826.5716	16476.1433
PWY0-845	superpathway of pyridoxal 5'-phosphate biosynthesis and salvage	1706.8852	1222.1136	1545.4117	1245.9651	2690.5570000000002	1627.3907	2265.578	3254.4672	2257.4639	3182.8491	1981.1168	3786.469	1649.4281	1410.3658	1904.6868	1609.9383	2626.0755	1833.0205
PWY0-862	(5Z)-dodec-5-enoate biosynthesis	18468.1576	15484.5451	22263.3606	20647.6515	23846.1415	20692.3833	13711.8235	16344.5171	19508.7905	16506.9856	16810.1548	16698.6276	19531.7572	23083.1274	19813.5328	19322.0297	20763.2589	20046.3068
PWY1G-0	mycothiol biosynthesis	3824.5745	6754.4784	4975.9456	4958.4806	2902.0853	4082.2894	3372.3717	5079.8801	5653.5242	3778.4351	4409.7111	4105.166	6815.3781	5892.8367	5769.8117	6573.4951	6188.1572	5491.4321
PWY490-3	nitrate reduction VI (assimilatory)	1388.5273	1712.9593	2257.5065	1547.0268	1451.0069	1887.7162	2937.5898	2418.4582	2163.0288	1444.7415	2843.6949	2969.6968	2301.7721	2413.5626	2552.7846	2168.571	2820.2252	1883.7885
PWY4FS-7	phosphatidylglycerol biosynthesis I (plastidic)	19605.8274	20837.0833	23143.4614	22985.1731	22413.5504	22720.8747	16050.9857	19190.2599	21267.3726	16879.2341	18641.8163	19645.517	23306.0785	25075.1832	22710.866	23155.6071	23863.5073	22200.8006
PWY4FS-8	phosphatidylglycerol biosynthesis II (non-plastidic)	19605.8274	20837.0833	23143.4614	22985.1731	22413.5504	22720.8747	16050.9857	19190.2599	21267.3726	16879.2341	18641.8163	19645.517	23306.0785	25075.1832	22710.866	23155.6071	23863.5073	22200.8006
PWYG-321	mycolate biosynthesis	20938.6769	17855.4342	25296.017999999996	23526.2604	26833.5779	23516.3853	15633.3377	18713.6395	22212.8805	18692.0735	19134.5311	19056.1962	22326.2392	26213.5086	22584.6963	22111.9239	23689.5895	22814.1845
PYRIDNUCSAL-PWY	NAD salvage pathway I	12409.7822	13967.4931	14821.3513	14986.8021	13541.2141	14533.9623	9915.665	12204.7131	13720.8708	10621.4025	12027.3013	12534.9004	15078.3645	16038.7589	14480.9949	15161.948	15459.1528	14341.9063
PYRIDNUCSYN-PWY	NAD biosynthesis I (from aspartate)	14283.6653	15569.5147	16909.6861	16987.2518	17004.5616	16969.4442	11880.2573	13968.2203	15772.4477	12439.0848	13835.1761	14581.5926	17399.1641	18703.8158	17016.522	17380.568	17694.2185	16257.5856
PYRIDOXSYN-PWY	pyridoxal 5'-phosphate biosynthesis I	983.2314	612.2675	790.0096	625.8242	1826.0201	876.1221	1478.0639999999999	2419.6122	1478.4777	2854.0126	1186.4643	2883.6802	967.1592	767.5853	1105.6962	871.9508	1779.7212	1048.0487
REDCITCYC	TCA cycle VIII (helicobacter)	21813.8748	24193.1981	25784.5681	25138.9644	23262.6193	24484.307999999997	16968.4269	21378.3879	24418.0135	18652.1533	20124.4311	21100.2371	26631.1754	27637.2293	24800.7654	26699.7127	26456.9134	24623.4083
RHAMCAT-PWY	L-rhamnose degradation I	2823.5435	4886.7352	3865.5641	4120.4663	2666.7974	3476.1704	2318.2535	3466.8398	4125.462	3056.2339	3046.3949	3024.7859999999996	4076.0966	3762.0677	3833.8015	4640.0411	4365.1665	3322.9058
RIBOSYN2-PWY	flavin biosynthesis I (bacteria and plants)	16493.1768	17762.5776	20315.3074	19498.6699	19626.0081	19314.9863	13513.3622	16624.4617	18406.036	14428.2111	15882.1138	16771.1524	19943.6889	21627.5873	19256.4222	19673.1319	20703.7154	19042.7125
RUMP-PWY	formaldehyde oxidation I	861.4625	963.715	618.4447	2041.5857	685.9568	958.6615	1624.336	1550.9139	1233.7651	1308.3579	887.2679	2127.5295	754.0937	547.568	1087.9487	643.2838	684.4928	669.4918
SALVADEHYPOX-PWY	adenosine nucleotides degradation II	24881.8164	25297.8097	27400.3734	28681.4122	27922.8097	29539.6469	17017.2287	21355.5317	27645.8916	20673.8275	21950.761000000002	22525.7844	29764.7418	32900.2328	25989.2543	29520.685	30812.4425	25544.3043
SER-GLYSYN-PWY	superpathway of L-serine and glycine biosynthesis I	22130.6564	23413.7855	25378.1211	25265.986	25045.1188	25246.9131	17968.2953	21732.0239	25412.4447	19821.4966	21120.0046	22282.8214	26781.1882	28479.4456	25322.6747	27179.0201	27149.5089	24127.5961
SO4ASSIM-PWY	sulfate reduction I (assimilatory)	17113.4259	17370.2122	20658.4768	20397.5537	21246.0914	20789.093	12995.921	15551.7309	17999.6073	14603.1828	15475.0481	16675.1329	18165.38	21129.5485	18136.9627	19424.9059	19476.7235	18231.4297
SUCSYN-PWY	sucrose biosynthesis I (from photosynthesis)	187.6605	298.5417	175.7582	84.6028	396.58099999999996	439.53	251.9039	877.2538	447.4363	81.9574	329.3568	655.6747	391.0815	358.3946	585.5731	494.7272	273.3462	216.9245
SULFATE-CYS-PWY	superpathway of sulfate assimilation and cysteine biosynthesis	19633.0239	19703.2168	23323.2799	23024.9925	23904.5276	23238.5568	14969.6199	18029.5676	20863.9858	16827.8594	17873.6341	18983.1569	21627.2319	24451.0018	21083.5438	22255.1826	22711.3754	20970.4814
TCA	TCA cycle I (prokaryotic)	23678.7296	25624.6431	28875.367000000002	28107.9946	27736.4391	27698.4515	18836.9832	23569.5226	26871.9494	20577.6287	22391.46	23402.4589	28537.151	30630.8826	27447.6663	28500.4424	29087.3831	27064.0906
TCA-GLYOX-BYPASS	superpathway of glyoxylate bypass and TCA	17654.271	17501.389	20462.2374	20399.2331	21256.5312	21073.8039	12565.9995	14969.8546	17792.1989	14479.0976	15407.9933	16136.5016	19398.8122	21598.4469	18465.4847	19244.1207	20428.3989	18601.5684
TEICHOICACID-PWY	teichoic acid (poly-glycerol) biosynthesis	1230.4742	1947.3475	2013.283	1468.6342	832.209	1493.7527	938.3257	1459.2731	2034.668	1268.8501	1350.4122	1456.0201	1549.6671	1307.6489	1584.485	1778.0905	1408.9085	1525.3474
THISYN-PWY	superpathway of thiamin diphosphate biosynthesis I	3161.7768	5109.0943	8835.0945	4306.6547	2734.8832	3569.6299	3983.6655	6275.0896	8715.0196	6170.4071	4194.595	4410.1571	5532.0792	6097.8281	5196.0894	5017.8783	5335.1041	6446.9401
THREOCAT-PWY	superpathway of L-threonine metabolism	0.0	0.0	3.8832	0.0	0.0	1.9471	2.5947	5.1826	0.0	11.7931	7.7354	0.0	0.0	7.711	0.0	2.5959	0.0	0.0
THRESYN-PWY	superpathway of L-threonine biosynthesis	17057.1059	18601.4167	20947.1772	19951.4629	19871.2766	19780.0102	14070.7949	17609.1359	19729.6007	15295.2227	16469.2462	17380.4035	20880.1206	22248.2	19989.4623	20381.589	21121.9035	19762.7883
TRNA-CHARGING-PWY	tRNA charging	15673.3479	16001.6054	18899.5844	18455.8677	18971.0457	18426.1796	12504.2053	15459.315	17388.7941	13777.823999999999	14624.8066	15572.6739	18421.2464	20209.404	17898.7711	17998.0467	18724.504	17765.734
TRPSYN-PWY	L-tryptophan biosynthesis	16829.0017	18079.167	20488.3771	20420.1174	20222.3325	19788.3542	14071.015	17353.127	18870.9071	14861.625	16409.6411	17335.8833	20480.956000000002	21871.9823	19927.9106	20136.3009	20762.406000000003	19562.8702
TYRFUMCAT-PWY	L-tyrosine degradation I	12373.2974	10388.5153	14206.0478	14500.8765	16052.26	14449.3153	6865.9533	8531.6381	10964.5383	9339.3597	9604.578000000001	9456.4062	12748.5029	15513.4004	11353.5436	12280.8146	13655.7195	11919.2609
UBISYN-PWY	superpathway of ubiquinol-8 biosynthesis (prokaryotic)	14904.2681	13113.3584	17089.941000000003	17017.4064	19266.4512	17517.6722	10322.2537	12178.1443	14572.6561	11756.4644	12940.2875	13242.1526	15496.7513	18028.0666	15368.8815	15641.2923	16537.41	15468.8286
UDPNAGSYN-PWY	UDP-N-acetyl-D-glucosamine biosynthesis I	16296.6823	17673.9563	19024.2982	19341.9717	18981.8862	19217.6825	13449.1655	15939.3583	17598.4767	13821.7076	15756.4281	16669.4488	19441.8731	20881.8556	18915.8102	19485.2164	20140.2672	18349.122
VALDEG-PWY	L-valine degradation I	74.8453	98.7487	179.2451	98.7721	0.0	56.9244	65.8478	53.9176	89.7904	0.0	59.8967	101.7131	59.9149	0.0	86.8164	98.7716	56.9287	50.9352
VALSYN-PWY	L-valine biosynthesis	28737.6379	30912.1391	35848.0072	33806.0067	34073.1822	33297.7704	23259.4609	29455.014	32678.2191	25319.2543	27808.5472	28556.3698	34562.6963	37765.6282	33510.2097	34929.1418	35334.0871	33091.4176
